destination_id,name,category,longitude,latitude,nearest_node_id,snap_distance_km,source_id,wheelchair,website
D0001,Unnamed building (way/152918920),building,12.5035115,41.8853232,N12d5031968_41d8855088,0.033236,way/152918920,,
D0002,Archivio del Vicariato di Roma,building,12.5031829,41.8852518,N12d5030838_41d8852556,0.008215,way/200344178,,
D0003,"Dipartimento di Ingegneria Civile, Edile e Ambientale",amenity,12.4943597,41.8933980,N12d4945264_41d8933124,0.016763,way/201884699,yes,https://www.dicea.uniroma1.it/
D0004,Unnamed building (way/201884700),building,12.4942277,41.8931867,N12d4941856_41d8932670,0.009585,way/201884700,,
D0005,Unnamed building (way/202374926),building,12.4933988,41.8927104,N12d4933726_41d8928385,0.014408,way/202374926,,
D0006,Unnamed building (way/365837395),building,12.4940206,41.8930161,N12d4940249_41d8931266,0.012292,way/365837395,,
D0007,"Dipartimento di Ingegneria dell'Informazione, Elettronica e Telecomunicazioni",building,12.4939335,41.8935888,N12d4940633_41d8934844,0.015817,way/582588483,,https://web.uniroma1.it/dip_diet/
D0008,Unnamed building (way/596126268),building,12.4942418,41.8938152,N12d4943549_41d8938091,0.009386,way/596126268,,
D0009,Unnamed building (way/596126269),building,12.4941033,41.8937186,N12d4941819_41d8935767,0.017067,way/596126269,,
D0010,Unnamed building (way/670442149),building,12.4939495,41.8938539,N12d4938787_41d8937940,0.008872,way/670442149,,
D0011,Unnamed building (way/670442150),building,12.4939169,41.8938216,N12d4938787_41d8937940,0.004406,way/670442150,,
D0012,Unnamed building (way/670442201),building,12.4936180,41.8940322,N12d4937623_41d8941559,0.018217,way/670442201,,
D0013,Unnamed building (way/671574699),building,12.4938283,41.8940012,N12d4938887_41d8941514,0.017434,way/671574699,,
D0014,Mosè,tourism,12.4934024,41.8938825,N12d4933381_41d8941052,0.025329,node/356935276,,
D0015,Bocca della Verità,tourism,12.4815441,41.8882567,N12d4815175_41d8883198,0.007354,node/497186177,limited,https://www.romasegreta.it/ripa/piazza-della-bocca-della-verita.html
D0016,Castore,tourism,12.4826017,41.8935503,N12d4826902_41d8934781,0.010868,node/1379490416,,
D0017,Cola di Rienzo,tourism,12.4823250,41.8937198,N12d4821531_41d8936016,0.019370,node/1379490417,,
D0018,Polluce,tourism,12.4825056,41.8934432,N12d4824119_41d8934097,0.008604,node/1379490422,,
D0019,Biblioteca di Archeologia e Storia dell'Arte,amenity,12.4817474,41.8963542,N12d4818374_41d8964898,0.016818,node/1391511097,,http://www.archeologica.librari.beniculturali.it/
D0020,"Statua ""parlante"" Madama Lucrezia",tourism,12.4813123,41.8956770,N12d4812996_41d8956898,0.001769,node/1391514187,,
D0021,Biblioteca della Società geografica italiana,amenity,12.4943191,41.8842572,N12d4940930_41d8842247,0.019063,node/3310964446,,
D0022,Biblioteca dell'Ufficio di Statistica,amenity,12.4819828,41.8877240,N12d4818392_41d8876994,0.012198,node/3357511815,,
D0023,Stemma araldico della famiglia Barbo,tourism,12.4814137,41.8953455,N12d4814232_41d8953424,0.000859,node/4295892980,,
D0024,Mosaico del Cristo con due schiavi,tourism,12.4954033,41.8853913,N12d4954169_41d8854152,0.002886,node/4929711022,,
D0025,La Concordia,tourism,12.4832698,41.8951297,N12d4832803_41d8950431,0.009669,node/5296362332,,
D0026,La Forza,tourism,12.4835227,41.8951871,N12d4835508_41d8952203,0.004363,node/5296362333,,
D0027,Il Diritto,tourism,12.4822400,41.8948958,N12d4821792_41d8949130,0.005384,node/5296362334,,
D0028,Il Sacrificio,tourism,12.4824868,41.8949518,N12d4825472_41d8948675,0.010624,node/5296362335,,
D0029,Leone Alato,tourism,12.4830029,41.8952649,N12d4829151_41d8953689,0.013658,node/5296362350,,
D0030,Leone Alato,tourism,12.4826058,41.8951728,N12d4826002_41d8952941,0.013496,node/5296362351,,
D0031,Adriatico,tourism,12.4833931,41.8951746,N12d4834376_41d8950776,0.011397,node/5296362352,,
D0032,Tirreno,tourism,12.4823515,41.8949341,N12d4823955_41d8948337,0.011743,node/5296362353,,
D0033,Vittoria Alata,tourism,12.4834966,41.8947042,N12d4835160_41d8947460,0.004918,node/5296423360,,
D0034,Vittoria Alata,tourism,12.4836672,41.8947398,N12d4836385_41d8947721,0.004306,node/5296423361,,
D0035,Vittoria Alata,tourism,12.4824496,41.8944485,N12d4824554_41d8945071,0.006534,node/5296423362,,
D0036,Vittoria Alata,tourism,12.4826236,41.8944882,N12d4825617_41d8945317,0.007046,node/5296423363,,
D0037,Dea Roma,tourism,12.4829367,41.8949097,N12d4829111_41d8949489,0.004847,node/5296473121,,
D0038,"Biblioteca di Ingegneria civile, meccanica e aerospaziale G. Boaga",amenity,12.4932551,41.8930992,N12d4932928_41d8931901,0.010578,node/6251333335,,https://ici.web.uniroma1.it/it/biblioteca-di-ingegneria-civile-meccanica-e-aerospaziale-bicma-g-boaga
D0039,"Biblioteca Ingegneria astronautica, elettrica ed energetica - sede Ingegneria elettrica",amenity,12.4942545,41.8936936,N12d4943585_41d8936702,0.008993,node/6251333336,,https://diaee.web.uniroma1.it/it/biblioteche/biblioteca-diaee
D0040,Biblioteca di Ingegneria meccanica e aerospaziale - sede principale,amenity,12.4930525,41.8932329,N12d4930084_41d8932131,0.004263,node/6251346678,,https://www.dima.uniroma1.it/dima/strutture/biblioteca
D0041,"Biblioteca di Ingegneria dell'informazione, elettronica e telecomunicazioni",amenity,12.4930178,41.8932591,N12d4930084_41d8932131,0.005174,node/6251369570,,
D0042,San Francesco,tourism,12.4876589,41.8923707,N12d4877190_41d8923599,0.005118,node/6402747548,,
D0043,Vittoria Alata,tourism,12.4830432,41.8951735,N12d4830892_41d8950807,0.010999,node/6697475311,,
D0044,Vittoria Alata,tourism,12.4826420,41.8950816,N12d4826812_41d8949881,0.010891,node/6697475312,,
D0045,Dea Roma,tourism,12.4833077,41.8931218,N12d4833806_41d8931278,0.006071,node/6705228512,,
D0046,Trofeo Mario,tourism,12.4824862,41.8933748,N12d4824111_41d8933751,0.006216,node/6705819691,,
D0047,Costantino II,tourism,12.4824498,41.8933344,N12d4824769_41d8932906,0.005362,node/6705819692,,
D0048,Trofeo Mario,tourism,12.4826774,41.8935932,N12d4827493_41d8935968,0.005965,node/6705819695,,
D0049,Fontana del Leone Egizio,amenity,12.4820117,41.8937976,N12d4820225_41d8938082,0.001479,node/6705819696,,
D0050,Fontana del Leone Egizio,amenity,12.4819494,41.8937282,N12d4819171_41d8937331,0.002728,node/6705819697,,
D0051,Lupa capitolina,tourism,12.4836522,41.8932668,N12d4837087_41d8933311,0.008543,node/10082765530,,
D0052,Minerva,tourism,12.4835519,41.8930029,N12d4833320_41d8930679,0.019584,node/10082765536,,
D0053,Statua equestre di Marco Aurelio,tourism,12.4822817,41.8927041,N12d4820248_41d8925244,0.029180,node/10082765537,,
D0054,Biblioteca del Centro di studi per la storia dell'architettura,amenity,12.4807027,41.8896895,N12d4808547_41d8896025,0.015871,node/10928759813,,http://www.cssar-casadeicrescenzi.it/biblioteca/
D0055,Busto di Madre Teresa di Calcutta,tourism,12.4903493,41.8862938,N12d4904421_41d8862145,0.011695,node/11694713980,,
D0056,Statua colossale di Costantino,tourism,12.4815202,41.8920440,N12d4815133_41d8920899,0.005136,node/12697352902,,
