id,lat,lon
1,5.6517894,-0.1911517
2,5.6519115,-0.1913858
3,5.6519923,-0.1916197
4,5.6520510,-0.1919457
5,5.6520641,-0.1922104
6,5.6520343,-0.1925291
7,5.6520030,-0.1927228
8,5.6519315,-0.1929576
9,5.6518074,-0.1932774
10,5.6516259,-0.1935162
11,5.6514471,-0.1937372
12,5.6512309,-0.1939064
13,5.6510415,-0.1939641
14,5.6507811,-0.1940002
15,5.6505967,-0.1940002
16,5.6504024,-0.1939957
17,5.6501463,-0.1939207
18,5.6500355,-0.1938749
19,5.6498848,-0.1937512
20,5.6497349,-0.1936087
21,5.6496231,-0.1934490
22,5.6495066,-0.1932908
23,5.6494585,-0.1932088
24,5.6494159,-0.1930816
25,5.6493642,-0.1929575
26,5.6493185,-0.1928268
27,5.6492602,-0.1925481
28,5.6492491,-0.1924106
29,5.6492317,-0.1921938
30,5.6492472,-0.1920186
31,5.6492624,-0.1918465
32,5.6493665,-0.1914977
33,5.6495400,-0.1911450
34,5.6451453,-0.1919754
35,5.6453154,-0.1924114
36,5.6456923,-0.1933774
37,5.6457091,-0.1934206
38,5.6457929,-0.1936357
39,5.6460073,-0.1942679
40,5.6461322,-0.1946363
41,5.6462032,-0.1949269
42,5.6462147,-0.1950006
43,5.6462486,-0.1952179
44,5.6462762,-0.1953854
45,5.6463569,-0.1958750
46,5.6463963,-0.1961211
47,5.6465289,-0.1969492
48,5.6466663,-0.1977577
49,5.6467483,-0.1983031
50,5.6467468,-0.1983377
51,5.6467438,-0.1984068
52,5.6467169,-0.1985061
53,5.6466765,-0.1985918
54,5.6465437,-0.1986941
55,5.6463767,-0.1988228
56,5.6463076,-0.1988845
57,5.6462935,-0.1988971
58,5.6462198,-0.1989993
59,5.6461133,-0.1990958
60,5.6459789,-0.1991509
61,5.6458456,-0.1991448
62,5.6457096,-0.1991014
63,5.6396656,-0.1836538
64,5.6394499,-0.1833688
65,5.6401540,-0.1837682
66,5.6400770,-0.1838098
67,5.6399936,-0.1838347
68,5.6399066,-0.1838347
69,5.6398423,-0.1838179
70,5.6397832,-0.1837874
71,5.6397105,-0.1837196
72,5.6396475,-0.1835456
73,5.6396567,-0.1834585
74,5.6396901,-0.1833776
75,5.6397450,-0.1833097
76,5.6398040,-0.1832671
77,5.6398713,-0.1832398
78,5.6399431,-0.1832294
79,5.6397762,-0.1840275
80,5.6395600,-0.1846123
81,5.6400208,-0.1831864
82,5.6400721,-0.1831292
83,5.6401232,-0.1830579
84,5.6398884,-0.1838725
85,5.6398425,-0.1839298
86,5.6402392,-0.1834252
87,5.6403381,-0.1835282
88,5.6404289,-0.1836006
89,5.6405436,-0.1836905
90,5.6444464,-0.1849805
91,5.6443072,-0.1849639
92,5.6441618,-0.1849371
93,5.6440507,-0.1849001
94,5.6439575,-0.1848513
95,5.6505551,-0.1848851
96,5.6505573,-0.1839512
97,5.6505581,-0.1835162
98,5.6505528,-0.1825306
99,5.6440203,-0.1852509
100,5.6439197,-0.1853916
101,5.6438187,-0.1856463
102,5.6437889,-0.1857215
103,5.6437222,-0.1859254
104,5.6437142,-0.1860689
105,5.6437195,-0.1863089
106,5.6437309,-0.1869005
107,5.6437329,-0.1870063
108,5.6437289,-0.1872101
109,5.6437243,-0.1877715
110,5.6437189,-0.1885017
111,5.6437175,-0.1887009
112,5.6505548,-0.1890985
113,5.6502551,-0.1890929
114,5.6500722,-0.1890960
115,5.6498949,-0.1890991
116,5.6495039,-0.1891059
117,5.6481844,-0.1890876
118,5.6477274,-0.1890899
119,5.6475512,-0.1890908
120,5.6466917,-0.1890951
121,5.6465677,-0.1890951
122,5.6459694,-0.1890957
123,5.6448583,-0.1891053
124,5.6447527,-0.1891059
125,5.6441655,-0.1891595
126,5.6438657,-0.1892012
127,5.6437437,-0.1892281
128,5.6440216,-0.1851704
129,5.6440110,-0.1850712
130,5.6439909,-0.1849639
131,5.6507222,-0.1824672
132,5.6507649,-0.1824659
133,5.6513361,-0.1824768
134,5.6514804,-0.1824796
135,5.6516848,-0.1824835
136,5.6518899,-0.1824875
137,5.6526093,-0.1824961
138,5.6527621,-0.1824943
139,5.6532572,-0.1824931
140,5.6533567,-0.1824930
141,5.6535363,-0.1824954
142,5.6539291,-0.1824952
143,5.6548983,-0.1824857
144,5.6557149,-0.1824988
145,5.6560125,-0.1824961
146,5.6562086,-0.1825082
147,5.6566572,-0.1825617
148,5.6567785,-0.1825766
149,5.6569960,-0.1825913
150,5.6574645,-0.1825860
151,5.6576166,-0.1825931
152,5.6577436,-0.1826014
153,5.6584614,-0.1826263
154,5.6594116,-0.1826611
155,5.6603033,-0.1826621
156,5.6614582,-0.1826155
157,5.6626157,-0.1825687
158,5.6629102,-0.1825678
159,5.6532669,-0.1834678
160,5.6527107,-0.1836214
161,5.6525555,-0.1836545
162,5.6521849,-0.1837005
163,5.6519073,-0.1837246
164,5.6517127,-0.1837282
165,5.6516540,-0.1837293
166,5.6507502,-0.1837242
167,5.6507138,-0.1837238
168,5.6391541,-0.1831718
169,5.6383566,-0.1827195
170,5.6370256,-0.1819646
171,5.6367052,-0.1817739
172,5.6362666,-0.1814844
173,5.6362212,-0.1813996
174,5.6361107,-0.1811524
175,5.6360387,-0.1807897
176,5.6360252,-0.1805194
177,5.6360039,-0.1803477
178,5.6359185,-0.1801010
179,5.6358755,-0.1800226
180,5.6358192,-0.1799200
181,5.6356602,-0.1796922
182,5.6355455,-0.1795431
183,5.6406785,-0.1811983
184,5.6402021,-0.1811836
185,5.6399686,-0.1811637
186,5.6395527,-0.1811469
187,5.6474217,-0.1813898
188,5.6474037,-0.1813938
189,5.6473897,-0.1813958
190,5.6473757,-0.1814065
191,5.6473390,-0.1818685
192,5.6473523,-0.1818873
193,5.6473683,-0.1818900
194,5.6477193,-0.1818894
195,5.6478048,-0.1818893
196,5.6478228,-0.1818873
197,5.6478375,-0.1818813
198,5.6479056,-0.1818306
199,5.6507144,-0.1835142
200,5.6496287,-0.1871143
201,5.6495750,-0.1871260
202,5.6495415,-0.1871313
203,5.6495082,-0.1871248
204,5.6494791,-0.1871074
205,5.6494576,-0.1870811
206,5.6494462,-0.1870490
207,5.6494464,-0.1870150
208,5.6494580,-0.1869830
209,5.6494797,-0.1869569
210,5.6495090,-0.1869397
211,5.6495424,-0.1869335
212,5.6495758,-0.1869391
213,5.6496339,-0.1869551
214,5.6504853,-0.1813819
215,5.6499948,-0.1813938
216,5.6497973,-0.1813942
217,5.6493782,-0.1813951
218,5.6491407,-0.1813898
219,5.6489912,-0.1814072
220,5.6488044,-0.1814501
221,5.6486362,-0.1815225
222,5.6485788,-0.1815547
223,5.6484040,-0.1816580
224,5.6483546,-0.1816955
225,5.6480223,-0.1819839
226,5.6479612,-0.1820452
227,5.6478134,-0.1821937
228,5.6476459,-0.1823621
229,5.6471654,-0.1828193
230,5.6470352,-0.1829540
231,5.6465449,-0.1834457
232,5.6463934,-0.1835936
233,5.6462566,-0.1837273
234,5.6459038,-0.1840621
235,5.6455967,-0.1843536
236,5.6454939,-0.1844763
237,5.6454759,-0.1845092
238,5.6454692,-0.1845641
239,5.6454745,-0.1849866
240,5.6507568,-0.1868576
241,5.6508047,-0.1869045
242,5.6508348,-0.1869645
243,5.6508437,-0.1870310
244,5.6508305,-0.1870969
245,5.6507966,-0.1871548
246,5.6507458,-0.1871984
247,5.6507242,-0.1872097
248,5.6506375,-0.1872273
249,5.6505517,-0.1872060
250,5.6504913,-0.1871597
251,5.6504523,-0.1870943
252,5.6504401,-0.1870159
253,5.6504588,-0.1869388
254,5.6505006,-0.1868794
255,5.6505606,-0.1868386
256,5.6506392,-0.1868215
257,5.6507182,-0.1868366
258,5.6506842,-0.1812420
259,5.6507256,-0.1812663
260,5.6507569,-0.1813028
261,5.6507760,-0.1813535
262,5.6507751,-0.1814100
263,5.6507532,-0.1814620
264,5.6507133,-0.1815018
265,5.6506668,-0.1815224
266,5.6506160,-0.1815258
267,5.6505672,-0.1815116
268,5.6505262,-0.1814814
269,5.6504964,-0.1814356
270,5.6504946,-0.1813279
271,5.6505170,-0.1812880
272,5.6505505,-0.1812570
273,5.6505919,-0.1812378
274,5.6506372,-0.1812323
275,5.6505544,-0.1903705
276,5.6505814,-0.1891533
277,5.6500923,-0.1871047
278,5.6500896,-0.1869366
279,5.6472549,-0.1879477
280,5.6472576,-0.1875214
281,5.6472515,-0.1866492
282,5.6472562,-0.1861615
283,5.6507223,-0.1878447
284,5.6507243,-0.1880837
285,5.6507291,-0.1884049
286,5.6507273,-0.1890247
287,5.6493976,-0.1816176
288,5.6494064,-0.1824971
289,5.6493976,-0.1831613
290,5.6493957,-0.1833115
291,5.6493933,-0.1834873
292,5.6493886,-0.1839030
293,5.6493903,-0.1840921
294,5.6494090,-0.1849752
295,5.6505520,-0.1878450
296,5.6506301,-0.1878448
297,5.6506741,-0.1878448
298,5.6507695,-0.1878446
299,5.6514583,-0.1878436
300,5.6516620,-0.1878433
301,5.6518325,-0.1878431
302,5.6525927,-0.1878420
303,5.6532616,-0.1878410
304,5.6505662,-0.1862071
305,5.6507197,-0.1862092
306,5.6507516,-0.1862105
307,5.6509698,-0.1862194
308,5.6511152,-0.1862190
309,5.6514702,-0.1862328
310,5.6518586,-0.1862285
311,5.6521955,-0.1862248
312,5.6525915,-0.1862205
313,5.6532700,-0.1862184
314,5.6507047,-0.1825166
315,5.6507138,-0.1839518
316,5.6467062,-0.1861607
317,5.6477849,-0.1861721
318,5.6481678,-0.1861560
319,5.6486548,-0.1861489
320,5.6494295,-0.1861292
321,5.6495360,-0.1861536
322,5.6496092,-0.1862095
323,5.6496328,-0.1862920
324,5.6496350,-0.1878138
325,5.6496071,-0.1878820
326,5.6495699,-0.1879271
327,5.6495190,-0.1879438
328,5.6493209,-0.1879411
329,5.6486522,-0.1879419
330,5.6481798,-0.1879424
331,5.6477994,-0.1879446
332,5.6467077,-0.1879619
333,5.6466938,-0.1881457
334,5.6467057,-0.1879156
335,5.6467050,-0.1878780
336,5.6467057,-0.1878110
337,5.6466975,-0.1874260
338,5.6466973,-0.1867460
339,5.6467003,-0.1866238
340,5.6467150,-0.1858390
341,5.6467217,-0.1855282
342,5.6504950,-0.1811309
343,5.6504974,-0.1809096
344,5.6504944,-0.1806937
345,5.6505139,-0.1802545
346,5.6479585,-0.1923950
347,5.6478435,-0.1924498
348,5.6477437,-0.1925116
349,5.6476596,-0.1925854
350,5.6476032,-0.1926617
351,5.6475461,-0.1927705
352,5.6474887,-0.1929983
353,5.6474620,-0.1931044
354,5.6474340,-0.1932787
355,5.6473833,-0.1933994
356,5.6473072,-0.1934517
357,5.6472071,-0.1934799
358,5.6470950,-0.1934678
359,5.6470029,-0.1934142
360,5.6469549,-0.1933552
361,5.6467437,-0.1927374
362,5.6466986,-0.1926055
363,5.6493571,-0.1934759
364,5.6492384,-0.1938138
365,5.6490689,-0.1941008
366,5.6486832,-0.1944509
367,5.6485644,-0.1945917
368,5.6485458,-0.1946306
369,5.6484665,-0.1947959
370,5.6484243,-0.1948840
371,5.6483954,-0.1949388
372,5.6483549,-0.1950155
373,5.6482788,-0.1951187
374,5.6481960,-0.1951549
375,5.6480919,-0.1951590
376,5.6480226,-0.1951187
377,5.6479745,-0.1950624
378,5.6479131,-0.1949417
379,5.6478811,-0.1947861
380,5.6479389,-0.1942099
381,5.6479668,-0.1939821
382,5.6480079,-0.1936475
383,5.6480027,-0.1929194
384,5.6479936,-0.1928116
385,5.6479545,-0.1922756
386,5.6479732,-0.1920007
387,5.6480212,-0.1917941
388,5.6480797,-0.1915754
389,5.6481587,-0.1913435
390,5.6482572,-0.1911731
391,5.6483856,-0.1909908
392,5.6484827,-0.1908606
393,5.6486353,-0.1906991
394,5.6488572,-0.1904546
395,5.6481752,-0.1883997
396,5.6481864,-0.1894917
397,5.6481987,-0.1896551
398,5.6483268,-0.1899139
399,5.6484836,-0.1901683
400,5.6493395,-0.1905650
401,5.6496131,-0.1905521
402,5.6498147,-0.1905489
403,5.6500377,-0.1905671
404,5.6481624,-0.1849785
405,5.6470399,-0.1849758
406,5.6467217,-0.1849798
407,5.6450253,-0.1849987
408,5.6449715,-0.1850005
409,5.6446284,-0.1849874
410,5.6437243,-0.1889543
411,5.6390736,-0.1844652
412,5.6387926,-0.1843802
413,5.6387058,-0.1843668
414,5.6386524,-0.1843735
415,5.6386124,-0.1843976
416,5.6385724,-0.1844365
417,5.6385308,-0.1845132
418,5.6384866,-0.1845948
419,5.6384170,-0.1847232
420,5.6379483,-0.1855885
421,5.6379268,-0.1856282
422,5.6378395,-0.1857695
423,5.6377057,-0.1860267
424,5.6373136,-0.1867035
425,5.6369984,-0.1872678
426,5.6368169,-0.1875736
427,5.6363948,-0.1883653
428,5.6358333,-0.1893492
429,5.6357933,-0.1893841
430,5.6357533,-0.1893961
431,5.6356959,-0.1893854
432,5.6343366,-0.1886307
433,5.6466758,-0.1881872
434,5.6466604,-0.1882027
435,5.6466337,-0.1882094
436,5.6459658,-0.1882275
437,5.6453318,-0.1882074
438,5.6452998,-0.1881966
439,5.6452704,-0.1881779
440,5.6452531,-0.1881443
441,5.6452538,-0.1877648
442,5.6452513,-0.1873165
443,5.6452464,-0.1864685
444,5.6452443,-0.1860945
445,5.6452437,-0.1858831
446,5.6452573,-0.1858701
447,5.6448691,-0.1877562
448,5.6452764,-0.1858623
449,5.6457377,-0.1858548
450,5.6510732,-0.1944065
451,5.6510921,-0.1948559
452,5.6512562,-0.1952045
453,5.6514083,-0.1956297
454,5.6514618,-0.1958912
455,5.6514592,-0.1961219
456,5.6514244,-0.1963311
457,5.6513590,-0.1964827
458,5.6512603,-0.1966127
459,5.6510881,-0.1966892
460,5.6508652,-0.1967294
461,5.6500741,-0.1967736
462,5.6499330,-0.1967363
463,5.6498136,-0.1966436
464,5.6497704,-0.1966008
465,5.6497054,-0.1965363
466,5.6496495,-0.1964920
467,5.6496188,-0.1964160
468,5.6495873,-0.1962981
469,5.6495974,-0.1961567
470,5.6496224,-0.1959981
471,5.6496236,-0.1959937
472,5.6498697,-0.1953414
473,5.6500017,-0.1950195
474,5.6500952,-0.1949082
475,5.6501899,-0.1948653
476,5.6501990,-0.1944186
477,5.6466330,-0.1926188
478,5.6465838,-0.1926471
479,5.6464918,-0.1927450
480,5.6463577,-0.1929390
481,5.6461832,-0.1931915
482,5.6461459,-0.1932376
483,5.6460311,-0.1933792
484,5.6459497,-0.1934669
485,5.6466679,-0.1918813
486,5.6465903,-0.1915835
487,5.6464921,-0.1912764
488,5.6464526,-0.1911457
489,5.6464341,-0.1910846
490,5.6463193,-0.1908177
491,5.6462157,-0.1906263
492,5.6461556,-0.1905152
493,5.6461179,-0.1904455
494,5.6459777,-0.1902062
495,5.6458098,-0.1900239
496,5.6454374,-0.1895760
497,5.6450704,-0.1892554
498,5.6467306,-0.1915795
499,5.6467918,-0.1913461
500,5.6468788,-0.1911129
501,5.6469733,-0.1908727
502,5.6471174,-0.1906514
503,5.6474206,-0.1902090
504,5.6475779,-0.1900144
505,5.6478032,-0.1898360
506,5.6478918,-0.1897798
507,5.6480236,-0.1897100
508,5.6495367,-0.1909619
509,5.6495070,-0.1908425
510,5.6494447,-0.1907418
511,5.6405186,-0.1916271
512,5.6406660,-0.1915325
513,5.6407943,-0.1913918
514,5.6410610,-0.1911409
515,5.6411054,-0.1910850
516,5.6411434,-0.1910371
517,5.6412198,-0.1909237
518,5.6414120,-0.1906125
519,5.6414643,-0.1905093
520,5.6415308,-0.1903202
521,5.6415951,-0.1900226
522,5.6416549,-0.1898950
523,5.6416842,-0.1898520
524,5.6417406,-0.1897691
525,5.6418378,-0.1896898
526,5.6419154,-0.1896444
527,5.6420049,-0.1896231
528,5.6420793,-0.1896054
529,5.6422063,-0.1895921
530,5.6423623,-0.1896094
531,5.6424733,-0.1896631
532,5.6426539,-0.1898260
533,5.6427212,-0.1899038
534,5.6404285,-0.1914458
535,5.6405216,-0.1918679
536,5.6404114,-0.1920819
537,5.6402140,-0.1922185
538,5.6400238,-0.1922498
539,5.6398360,-0.1922055
540,5.6396795,-0.1920924
541,5.6395780,-0.1919276
542,5.6395470,-0.1917330
543,5.6395938,-0.1915416
544,5.6397111,-0.1913836
545,5.6398803,-0.1912839
546,5.6400803,-0.1912586
547,5.6402738,-0.1913157
548,5.6426543,-0.1922246
549,5.6424167,-0.1923629
550,5.6419963,-0.1925708
551,5.6416693,-0.1927303
552,5.6415655,-0.1927583
553,5.6414571,-0.1927504
554,5.6413466,-0.1927221
555,5.6411972,-0.1926430
556,5.6494025,-0.1981400
557,5.6493904,-0.1980790
558,5.6493923,-0.1980144
559,5.6493722,-0.1979554
560,5.6493685,-0.1979300
561,5.6490322,-0.1978482
562,5.6489868,-0.1978201
563,5.6489855,-0.1977678
564,5.6490553,-0.1975801
565,5.6490722,-0.1973748
566,5.6491016,-0.1966238
567,5.6491590,-0.1963569
568,5.6491896,-0.1961869
569,5.6493218,-0.1961169
570,5.6454284,-0.1845396
571,5.6418544,-0.1949729
572,5.6421275,-0.1961234
573,5.6422051,-0.1964506
574,5.6423903,-0.1972309
575,5.6423737,-0.1973311
576,5.6422782,-0.1974133
577,5.6418478,-0.1975329
578,5.6415648,-0.1976116
579,5.6409118,-0.1951728
580,5.6426611,-0.1947613
581,5.6508091,-0.1813547
582,5.6521864,-0.1813641
583,5.6525960,-0.1813669
584,5.6504502,-0.1948645
585,5.6508452,-0.1948633
586,5.6508247,-0.1950533
587,5.6507245,-0.1951510
588,5.6505779,-0.1951525
589,5.6504732,-0.1950668
590,5.6411832,-0.1961469
591,5.6409703,-0.1961526
592,5.6408003,-0.1961317
593,5.6406673,-0.1960936
594,5.6405218,-0.1960353
595,5.6403777,-0.1959153
596,5.6402746,-0.1957955
597,5.6402082,-0.1956698
598,5.6401308,-0.1954915
599,5.6400808,-0.1953304
600,5.6399847,-0.1947676
601,5.6400092,-0.1944970
602,5.6400241,-0.1943320
603,5.6400286,-0.1942821
604,5.6402356,-0.1932519
605,5.6403056,-0.1929635
606,5.6403284,-0.1927636
607,5.6403110,-0.1925799
608,5.6402686,-0.1924186
609,5.6399600,-0.1960091
610,5.6395385,-0.1962223
611,5.6394114,-0.1962599
612,5.6391855,-0.1962519
613,5.6391046,-0.1962471
614,5.6390064,-0.1962445
615,5.6387382,-0.1961575
616,5.6385848,-0.1960855
617,5.6383999,-0.1959794
618,5.6382677,-0.1958790
619,5.6380813,-0.1956431
620,5.6379803,-0.1954200
621,5.6379233,-0.1952621
622,5.6378735,-0.1950627
623,5.6378685,-0.1950425
624,5.6378379,-0.1946855
625,5.6378379,-0.1944937
626,5.6378272,-0.1943837
627,5.6378232,-0.1942429
628,5.6378566,-0.1939505
629,5.6379033,-0.1936689
630,5.6380261,-0.1932961
631,5.6382597,-0.1928938
632,5.6384038,-0.1927315
633,5.6386053,-0.1925048
634,5.6390137,-0.1921910
635,5.6384385,-0.1924109
636,5.6381209,-0.1921964
637,5.6378324,-0.1919640
638,5.6374616,-0.1914588
639,5.6374322,-0.1913971
640,5.6374015,-0.1913542
641,5.6372841,-0.1910578
642,5.6371866,-0.1906393
643,5.6370986,-0.1902330
644,5.6371295,-0.1900088
645,5.6371453,-0.1898709
646,5.6371866,-0.1897918
647,5.6372283,-0.1897412
648,5.6375248,-0.1894157
649,5.6377057,-0.1892927
650,5.6379563,-0.1891833
651,5.6382396,-0.1891454
652,5.6383325,-0.1891422
653,5.6385626,-0.1891343
654,5.6390005,-0.1891295
655,5.6397533,-0.1891212
656,5.6398172,-0.1891205
657,5.6397947,-0.1899568
658,5.6397889,-0.1906200
659,5.6397854,-0.1910137
660,5.6398589,-0.1912019
661,5.6408042,-0.1934357
662,5.6404887,-0.1897865
663,5.6383998,-0.1906619
664,5.6386932,-0.1903921
665,5.6387001,-0.1903606
666,5.6386942,-0.1903284
667,5.6381599,-0.1898299
668,5.6381140,-0.1897871
669,5.6382403,-0.1974448
670,5.6379047,-0.1976265
671,5.6378653,-0.1976540
672,5.6378473,-0.1976768
673,5.6378633,-0.1977056
674,5.6378854,-0.1977250
675,5.6386106,-0.1981562
676,5.6387975,-0.1982541
677,5.6389497,-0.1983386
678,5.6391271,-0.1984472
679,5.6413213,-0.1976654
680,5.6409418,-0.1977649
681,5.6406393,-0.1978692
682,5.6403176,-0.1979765
683,5.6396037,-0.1982314
684,5.6392620,-0.1983453
685,5.6388442,-0.1986632
686,5.6387049,-0.1987681
687,5.6386651,-0.1988067
688,5.6382395,-0.1992203
689,5.6378707,-0.1995599
690,5.6378236,-0.1996037
691,5.6393011,-0.1855484
692,5.6393148,-0.1857195
693,5.6393180,-0.1857891
694,5.6393246,-0.1858896
695,5.6395428,-0.1861159
696,5.6396169,-0.1862648
697,5.6396556,-0.1864393
698,5.6396788,-0.1866216
699,5.6396368,-0.1869428
700,5.6396368,-0.1870751
701,5.6396280,-0.1871629
702,5.6395948,-0.1873652
703,5.6395892,-0.1875308
704,5.6396246,-0.1877708
705,5.6395948,-0.1880765
706,5.6395649,-0.1881798
707,5.6395472,-0.1883199
708,5.6395981,-0.1884343
709,5.6396634,-0.1885055
710,5.6398138,-0.1885988
711,5.6399067,-0.1887300
712,5.6400239,-0.1890023
713,5.6400162,-0.1890623
714,5.6399830,-0.1891056
715,5.6399222,-0.1891252
716,5.6395023,-0.1816177
717,5.6394949,-0.1817850
718,5.6394635,-0.1818088
719,5.6394228,-0.1818196
720,5.6393660,-0.1818235
721,5.6386556,-0.1818543
722,5.6386302,-0.1818437
723,5.6386160,-0.1818121
724,5.6386291,-0.1815779
725,5.6386477,-0.1815543
726,5.6386751,-0.1815500
727,5.6393721,-0.1816084
728,5.6401094,-0.1831768
729,5.6401071,-0.1831935
730,5.6401247,-0.1832866
731,5.6403941,-0.1836945
732,5.6403358,-0.1837055
733,5.6402686,-0.1837183
734,5.6397905,-0.1838775
735,5.6397918,-0.1838279
736,5.6395616,-0.1833703
737,5.6396303,-0.1833551
738,5.6507406,-0.1849630
739,5.6507363,-0.1849785
740,5.6507193,-0.1850136
741,5.6506925,-0.1850389
742,5.6506586,-0.1850532
743,5.6506218,-0.1850547
744,5.6505868,-0.1850434
745,5.6505579,-0.1850205
746,5.6505403,-0.1849926
747,5.6505301,-0.1849679
748,5.6505363,-0.1849206
749,5.6505819,-0.1848617
750,5.6506148,-0.1848487
751,5.6506502,-0.1848476
752,5.6506839,-0.1848584
753,5.6507121,-0.1848800
754,5.6507305,-0.1849076
755,5.6508090,-0.1868371
756,5.6508730,-0.1868286
757,5.6509397,-0.1868292
758,5.6512727,-0.1868351
759,5.6514585,-0.1868395
760,5.6449521,-0.1860896
761,5.6447097,-0.1860855
762,5.6514527,-0.1872123
763,5.6512754,-0.1872111
764,5.6509430,-0.1872107
765,5.6508169,-0.1872103
766,5.6434580,-0.1893747
767,5.6433285,-0.1894417
768,5.6431256,-0.1895571
769,5.6429882,-0.1896657
770,5.6428587,-0.1897730
771,5.6427893,-0.1898387
772,5.6426945,-0.1899433
773,5.6423449,-0.1905928
774,5.6414646,-0.1921706
775,5.6408699,-0.1932544
776,5.6407350,-0.1937405
777,5.6407033,-0.1939465
778,5.6407033,-0.1941548
779,5.6407367,-0.1944105
780,5.6407946,-0.1946915
781,5.6413542,-0.1968031
782,5.6416846,-0.1980316
783,5.6507199,-0.1891541
784,5.6507150,-0.1903248
785,5.6505678,-0.1890348
786,5.6505594,-0.1884060
787,5.6505553,-0.1880903
788,5.6435744,-0.1890259
789,5.6567090,-0.1883022
790,5.6565981,-0.1883639
791,5.6561775,-0.1885982
792,5.6556734,-0.1888729
793,5.6554292,-0.1889804
794,5.6551550,-0.1890810
795,5.6551183,-0.1890957
796,5.6550198,-0.1891022
797,5.6545325,-0.1891063
798,5.6543358,-0.1890976
799,5.6542705,-0.1890947
800,5.6532604,-0.1890891
801,5.6530577,-0.1890872
802,5.6526279,-0.1890831
803,5.6515696,-0.1890761
804,5.6507709,-0.1890773
805,5.6507478,-0.1890765
806,5.6507444,-0.1890580
807,5.6507462,-0.1891048
808,5.6507366,-0.1891314
809,5.6506950,-0.1891722
810,5.6506658,-0.1891816
811,5.6506352,-0.1891815
812,5.6506061,-0.1891717
813,5.6505687,-0.1891370
814,5.6505597,-0.1891185
815,5.6505543,-0.1890764
816,5.6505587,-0.1890549
817,5.6505822,-0.1890163
818,5.6506006,-0.1890017
819,5.6506219,-0.1889920
820,5.6506449,-0.1889877
821,5.6506683,-0.1889891
822,5.6506906,-0.1889960
823,5.6507107,-0.1890081
824,5.6507375,-0.1890405
825,5.6505727,-0.1856508
826,5.6507255,-0.1856525
827,5.6507783,-0.1802709
828,5.6507969,-0.1805495
829,5.6507880,-0.1809056
830,5.6507819,-0.1811396
831,5.6426392,-0.1844119
832,5.6420658,-0.1842219
833,5.6414781,-0.1840216
834,5.6411106,-0.1838956
835,5.6407672,-0.1837779
836,5.6505492,-0.1823917
837,5.6505431,-0.1821503
838,5.6507134,-0.1816370
839,5.6507114,-0.1824132
840,5.6442445,-0.1850926
841,5.6441458,-0.1851516
842,5.6507167,-0.1824931
843,5.6506803,-0.1825412
844,5.6506490,-0.1825560
845,5.6506146,-0.1825592
846,5.6505812,-0.1825504
847,5.6505380,-0.1825121
848,5.6505280,-0.1824905
849,5.6505234,-0.1824672
850,5.6505249,-0.1824400
851,5.6505337,-0.1824141
852,5.6505741,-0.1823718
853,5.6506040,-0.1823608
854,5.6506359,-0.1823599
855,5.6506664,-0.1823691
856,5.6506924,-0.1823875
857,5.6507206,-0.1824394
858,5.6481624,-0.1856813
859,5.6481411,-0.1841978
860,5.6481419,-0.1841040
861,5.6481432,-0.1839622
862,5.6481424,-0.1836281
863,5.6481611,-0.1833960
864,5.6482238,-0.1831761
865,5.6483720,-0.1829374
866,5.6485294,-0.1827885
867,5.6486576,-0.1826946
868,5.6488204,-0.1825954
869,5.6490192,-0.1825136
870,5.6492168,-0.1824895
871,5.6502084,-0.1824756
872,5.6435489,-0.1893150
873,5.6445999,-0.1930537
874,5.6445409,-0.1930576
875,5.6445030,-0.1930641
876,5.6444669,-0.1930708
877,5.6444429,-0.1930781
878,5.6444115,-0.1930996
879,5.6443782,-0.1931311
880,5.6443655,-0.1931720
881,5.6443628,-0.1932069
882,5.6447279,-0.1938881
883,5.6447952,-0.1938365
884,5.6448578,-0.1937765
885,5.6449032,-0.1936746
886,5.6497428,-0.1908478
887,5.6500486,-0.1911615
888,5.6501881,-0.1912957
889,5.6503082,-0.1913587
890,5.6504019,-0.1913904
891,5.6508915,-0.1913694
892,5.6510156,-0.1913352
893,5.6511076,-0.1912745
894,5.6513307,-0.1910819
895,5.6515294,-0.1908953
896,5.6381235,-0.1927656
897,5.6380501,-0.1926483
898,5.6381689,-0.1942972
899,5.6380875,-0.1943120
900,5.6375156,-0.1944689
901,5.6388335,-0.1965737
902,5.6392072,-0.1966797
903,5.6391218,-0.1965845
904,5.6389069,-0.1957288
905,5.6381502,-0.1962552
906,5.6382350,-0.1962338
907,5.6381569,-0.1948893
908,5.6400064,-0.1832350
909,5.6400667,-0.1832551
910,5.6401963,-0.1833500
911,5.6402608,-0.1835534
912,5.6402247,-0.1836681
913,5.6495851,-0.1950637
914,5.6495704,-0.1949389
915,5.6496171,-0.1948330
916,5.6498053,-0.1946318
917,5.6499481,-0.1943864
918,5.6499775,-0.1942576
919,5.6477835,-0.1857752
920,5.6477821,-0.1853688
921,5.6486576,-0.1865148
922,5.6486569,-0.1864289
923,5.6502014,-0.1856655
924,5.6501670,-0.1855901
925,5.6500856,-0.1855619
926,5.6500235,-0.1855693
927,5.6499801,-0.1856102
928,5.6499668,-0.1856706
929,5.6486055,-0.1856786
930,5.6485402,-0.1856794
931,5.6500803,-0.1865530
932,5.6500676,-0.1857819
933,5.6501697,-0.1857390
934,5.6501189,-0.1857725
935,5.6500269,-0.1857618
936,5.6499768,-0.1857128
937,5.6500356,-0.1884238
938,5.6500890,-0.1884694
939,5.6500365,-0.1884717
940,5.6500345,-0.1883569
941,5.6500883,-0.1883559
942,5.6502284,-0.1889965
943,5.6501830,-0.1889603
944,5.6500631,-0.1889610
945,5.6499428,-0.1889656
946,5.6501336,-0.1883541
947,5.6501343,-0.1884171
948,5.6501350,-0.1884694
949,5.6469372,-0.1837865
950,5.6469079,-0.1836951
951,5.6469052,-0.1836348
952,5.6468839,-0.1835838
953,5.6468452,-0.1835556
954,5.6468921,-0.1838619
955,5.6468794,-0.1838504
956,5.6468722,-0.1838349
957,5.6468713,-0.1838177
958,5.6468771,-0.1838016
959,5.6468886,-0.1837889
960,5.6469041,-0.1837815
961,5.6469212,-0.1837807
962,5.6469499,-0.1837981
963,5.6469571,-0.1838136
964,5.6469580,-0.1838308
965,5.6469522,-0.1838469
966,5.6469252,-0.1838669
967,5.6469081,-0.1838678
968,5.6473722,-0.1832817
969,5.6474318,-0.1831566
970,5.6474304,-0.1831332
971,5.6474224,-0.1831064
972,5.6474057,-0.1830762
973,5.6448397,-0.1839795
974,5.6445977,-0.1841189
975,5.6445724,-0.1841524
976,5.6445644,-0.1841940
977,5.6445666,-0.1842211
978,5.6471041,-0.1847023
979,5.6476433,-0.1843697
980,5.6478721,-0.1841832
981,5.6479450,-0.1841238
982,5.6480290,-0.1805475
983,5.6481465,-0.1805503
984,5.6487510,-0.1805650
985,5.6487777,-0.1810800
986,5.6487936,-0.1813000
987,5.6488796,-0.1817304
988,5.6429575,-0.1871529
989,5.6429148,-0.1867180
990,5.6430070,-0.1872908
991,5.6430429,-0.1873979
992,5.6431123,-0.1880014
993,5.6429832,-0.1871530
994,5.6430074,-0.1871619
995,5.6430270,-0.1871785
996,5.6430398,-0.1872010
997,5.6430442,-0.1872264
998,5.6430397,-0.1872519
999,5.6430268,-0.1872742
1000,5.6429828,-0.1872996
1001,5.6429571,-0.1872995
1002,5.6429330,-0.1872906
1003,5.6429133,-0.1872739
1004,5.6429005,-0.1872515
1005,5.6428961,-0.1872260
1006,5.6429006,-0.1872006
1007,5.6429135,-0.1871782
1008,5.6429333,-0.1871617
1009,5.6506365,-0.1811904
1010,5.6507537,-0.1903124
1011,5.6507509,-0.1896677
1012,5.6507723,-0.1887571
1013,5.6507695,-0.1884046
1014,5.6507660,-0.1880820
1015,5.6507622,-0.1873000
1016,5.6508583,-0.1871096
1017,5.6508675,-0.1870627
1018,5.6508750,-0.1870318
1019,5.6508645,-0.1869755
1020,5.6508523,-0.1869104
1021,5.6507873,-0.1867504
1022,5.6507602,-0.1856558
1023,5.6507616,-0.1850449
1024,5.6507693,-0.1849624
1025,5.6507522,-0.1847083
1026,5.6507675,-0.1815091
1027,5.6509369,-0.1869775
1028,5.6509370,-0.1870683
1029,5.6509778,-0.1864357
1030,5.6511359,-0.1864068
1031,5.6511205,-0.1864243
1032,5.6511025,-0.1864283
1033,5.6425231,-0.1847593
1034,5.6438597,-0.1921387
1035,5.6441787,-0.1918571
1036,5.6441800,-0.1917659
1037,5.6441440,-0.1915580
1038,5.6441706,-0.1914789
1039,5.6442974,-0.1913260
1040,5.6444463,-0.1910816
1041,5.6445544,-0.1911516
1042,5.6446516,-0.1910698
1043,5.6447858,-0.1909566
1044,5.6449060,-0.1908553
1045,5.6506353,-0.1810998
1046,5.6506327,-0.1809063
1047,5.6477460,-0.1898032
1048,5.6477060,-0.1897851
1049,5.6476499,-0.1897676
1050,5.6473544,-0.1896852
1051,5.6472662,-0.1896549
1052,5.6471942,-0.1896188
1053,5.6419137,-0.1857228
1054,5.6419018,-0.1858234
1055,5.6419605,-0.1859093
1056,5.6420873,-0.1860528
1057,5.6421541,-0.1861963
1058,5.6420807,-0.1862861
1059,5.6419992,-0.1863438
1060,5.6418071,-0.1864068
1061,5.6416135,-0.1864779
1062,5.6414240,-0.1865718
1063,5.6411611,-0.1866777
1064,5.6409716,-0.1867582
1065,5.6408381,-0.1867864
1066,5.6405218,-0.1867609
1067,5.6401054,-0.1867005
1068,5.6395556,-0.1866066
1069,5.6393874,-0.1865691
1070,5.6390110,-0.1864886
1071,5.6386846,-0.1863459
1072,5.6385468,-0.1863276
1073,5.6383437,-0.1862982
1074,5.6381465,-0.1862399
1075,5.6379287,-0.1861100
1076,5.6497593,-0.1833156
1077,5.6497653,-0.1833129
1078,5.6497746,-0.1833075
1079,5.6497766,-0.1831721
1080,5.6497699,-0.1831640
1081,5.6497613,-0.1831607
1082,5.6492630,-0.1839016
1083,5.6492955,-0.1840881
1084,5.6492781,-0.1840827
1085,5.6492661,-0.1840706
1086,5.6492502,-0.1834896
1087,5.6488651,-0.1833920
1088,5.6488738,-0.1833853
1089,5.6490666,-0.1833860
1090,5.6490740,-0.1833873
1091,5.6490793,-0.1833947
1092,5.6490786,-0.1834922
1093,5.6488711,-0.1834953
1094,5.6488631,-0.1834892
1095,5.6488611,-0.1834765
1096,5.6488624,-0.1834007
1097,5.6473657,-0.1857831
1098,5.6473597,-0.1853514
1099,5.6473650,-0.1853433
1100,5.6473737,-0.1853339
1101,5.6475919,-0.1853346
1102,5.6476036,-0.1853413
1103,5.6476072,-0.1853497
1104,5.6476085,-0.1857785
1105,5.6467518,-0.1886491
1106,5.6467611,-0.1882146
1107,5.6467531,-0.1881932
1108,5.6467424,-0.1881811
1109,5.6471274,-0.1875147
1110,5.6470988,-0.1875011
1111,5.6470067,-0.1874314
1112,5.6469907,-0.1874220
1113,5.6469744,-0.1874203
1114,5.6407647,-0.1836321
1115,5.6406526,-0.1834054
1116,5.6405605,-0.1832069
1117,5.6405312,-0.1831144
1118,5.6405085,-0.1828878
1119,5.6405298,-0.1826531
1120,5.6405031,-0.1825967
1121,5.6406806,-0.1821153
1122,5.6407180,-0.1819637
1123,5.6407714,-0.1818645
1124,5.6408355,-0.1817518
1125,5.6408662,-0.1815990
1126,5.6408555,-0.1812717
1127,5.6409329,-0.1811349
1128,5.6411535,-0.1809246
1129,5.6469479,-0.1828140
1130,5.6467571,-0.1826973
1131,5.6464915,-0.1826236
1132,5.6475912,-0.1815400
1133,5.6477033,-0.1815386
1134,5.6477103,-0.1815327
1135,5.6477127,-0.1815252
1136,5.6476953,-0.1813933
1137,5.6447232,-0.1852199
1138,5.6447419,-0.1855981
1139,5.6446965,-0.1857269
1140,5.6447024,-0.1858871
1141,5.6468532,-0.1867439
1142,5.6468518,-0.1866319
1143,5.6470266,-0.1866370
1144,5.6468798,-0.1866327
1145,5.6470254,-0.1867387
1146,5.6470202,-0.1867429
1147,5.6470140,-0.1867468
1148,5.6431096,-0.1881623
1149,5.6430823,-0.1881570
1150,5.6430585,-0.1881426
1151,5.6430409,-0.1881209
1152,5.6430319,-0.1880945
1153,5.6430323,-0.1880665
1154,5.6430423,-0.1880404
1155,5.6430605,-0.1880193
1156,5.6430848,-0.1880057
1157,5.6431396,-0.1880067
1158,5.6431635,-0.1880210
1159,5.6431810,-0.1880428
1160,5.6431901,-0.1880692
1161,5.6431896,-0.1880971
1162,5.6431797,-0.1881232
1163,5.6431614,-0.1881444
1164,5.6431371,-0.1881579
1165,5.6440380,-0.1846153
1166,5.6440240,-0.1842999
1167,5.6439918,-0.1835758
1168,5.6415157,-0.1838955
1169,5.6415495,-0.1837823
1170,5.6416082,-0.1835221
1171,5.6416589,-0.1832271
1172,5.6416990,-0.1829883
1173,5.6417203,-0.1828274
1174,5.6417390,-0.1825270
1175,5.6417070,-0.1821381
1176,5.6417363,-0.1820308
1177,5.6417577,-0.1819181
1178,5.6417790,-0.1814139
1179,5.6417737,-0.1812530
1180,5.6418591,-0.1808962
1181,5.6418769,-0.1805953
1182,5.6450501,-0.1838346
1183,5.6461712,-0.1830018
1184,5.6462566,-0.1828194
1185,5.6463300,-0.1827107
1186,5.6464355,-0.1826558
1187,5.6465129,-0.1825511
1188,5.6465142,-0.1823352
1189,5.6465396,-0.1820818
1190,5.6465703,-0.1818551
1191,5.6465929,-0.1815024
1192,5.6466130,-0.1813522
1193,5.6466063,-0.1811175
1194,5.6466263,-0.1810317
1195,5.6466850,-0.1809552
1196,5.6466930,-0.1808949
1197,5.6467704,-0.1807849
1198,5.6467945,-0.1807447
1199,5.6468305,-0.1806736
1200,5.6468265,-0.1806119
1201,5.6467623,-0.1804894
1202,5.6456761,-0.1833934
1203,5.6455292,-0.1835140
1204,5.6453558,-0.1836026
1205,5.6451996,-0.1837246
1206,5.6451436,-0.1837702
1207,5.6479048,-0.1813911
1208,5.6477220,-0.1818189
1209,5.6477170,-0.1818105
1210,5.6476806,-0.1817894
1211,5.6476673,-0.1817733
1212,5.6476620,-0.1817438
1213,5.6476487,-0.1817317
1214,5.6475886,-0.1817277
1215,5.6475785,-0.1817210
1216,5.6475725,-0.1817123
1217,5.6475719,-0.1815594
1218,5.6475792,-0.1815453
1219,5.6478577,-0.1819271
1220,5.6479315,-0.1818646
1221,5.6479075,-0.1816030
1222,5.6483186,-0.1813884
1223,5.6473339,-0.1833351
1224,5.6473232,-0.1833220
1225,5.6473205,-0.1833052
1226,5.6473265,-0.1832892
1227,5.6473396,-0.1832784
1228,5.6473563,-0.1832757
1229,5.6473829,-0.1832949
1230,5.6473856,-0.1833117
1231,5.6473796,-0.1833276
1232,5.6473665,-0.1833384
1233,5.6473498,-0.1833412
1234,5.6502050,-0.1904969
1235,5.6504217,-0.1904113
1236,5.6509019,-0.1903523
1237,5.6512236,-0.1905982
1238,5.6456114,-0.1990492
1239,5.6455616,-0.1989807
1240,5.6455226,-0.1988992
1241,5.6454772,-0.1987141
1242,5.6454332,-0.1984808
1243,5.6453980,-0.1982368
1244,5.6453623,-0.1979894
1245,5.6452834,-0.1975166
1246,5.6452610,-0.1973824
1247,5.6451672,-0.1967372
1248,5.6451516,-0.1966301
1249,5.6450624,-0.1960294
1250,5.6450558,-0.1959867
1251,5.6450355,-0.1958553
1252,5.6449377,-0.1952234
1253,5.6449327,-0.1951911
1254,5.6448438,-0.1946255
1255,5.6447026,-0.1937230
1256,5.6445876,-0.1929635
1257,5.6445583,-0.1927472
1258,5.6445550,-0.1925994
1259,5.6445597,-0.1925094
1260,5.6445864,-0.1924210
1261,5.6446325,-0.1923337
1262,5.6446935,-0.1922574
1263,5.6447754,-0.1921895
1264,5.6448137,-0.1921629
1265,5.6448728,-0.1921218
1266,5.6432475,-0.1902992
1267,5.6434099,-0.1903966
1268,5.6434861,-0.1904543
1269,5.6436165,-0.1905442
1270,5.6446818,-0.1912502
1271,5.6447866,-0.1913394
1272,5.6448626,-0.1914259
1273,5.6449334,-0.1915238
1274,5.6450178,-0.1916614
1275,5.6450882,-0.1918209
1276,5.6516229,-0.1849798
1277,5.6520334,-0.1849774
1278,5.6524999,-0.1849799
1279,5.6532650,-0.1849700
1280,5.6377636,-0.1837468
1281,5.6434807,-0.1859374
1282,5.6432418,-0.1859562
1283,5.6431397,-0.1859709
1284,5.6431110,-0.1859750
1285,5.6429574,-0.1860085
1286,5.6425190,-0.1860203
1287,5.6424797,-0.1860198
1288,5.6424450,-0.1860139
1289,5.6424076,-0.1859978
1290,5.6422746,-0.1859318
1291,5.6410195,-0.1852048
1292,5.6407242,-0.1850338
1293,5.6403352,-0.1848996
1294,5.6401949,-0.1848512
1295,5.6395455,-0.1846647
1296,5.6371399,-0.1837447
1297,5.6372347,-0.1819570
1298,5.6373268,-0.1819798
1299,5.6383704,-0.1825686
1300,5.6393714,-0.1831372
1301,5.6394448,-0.1831573
1302,5.6466810,-0.1924726
1303,5.6466653,-0.1921966
1304,5.6466673,-0.1919592
1305,5.6411091,-0.1982555
1306,5.6411237,-0.1982743
1307,5.6411491,-0.1982783
1308,5.6411918,-0.1982796
1309,5.6433071,-0.1910349
1310,5.6431908,-0.1912283
1311,5.6428810,-0.1918448
1312,5.6428000,-0.1920059
1313,5.6427037,-0.1921537
1314,5.6427413,-0.1923104
1315,5.6428734,-0.1924418
1316,5.6429735,-0.1925732
1317,5.6430402,-0.1926322
1318,5.6431243,-0.1926966
1319,5.6427626,-0.1907828
1320,5.6428214,-0.1909277
1321,5.6428627,-0.1910095
1322,5.6429335,-0.1910806
1323,5.6430576,-0.1911503
1324,5.6462066,-0.1969881
1325,5.6462740,-0.1969908
1326,5.6463641,-0.1969808
1327,5.6486762,-0.1833974
1328,5.6487166,-0.1832391
1329,5.6487124,-0.1832078
1330,5.6486976,-0.1831761
1331,5.6485268,-0.1830541
1332,5.6450223,-0.1858620
1333,5.6450553,-0.1857550
1334,5.6450897,-0.1855217
1335,5.6453820,-0.1855361
1336,5.6456400,-0.1855505
1337,5.6457632,-0.1856398
1338,5.6390571,-0.1856455
1339,5.6388909,-0.1856570
1340,5.6386784,-0.1856167
1341,5.6386329,-0.1856081
1342,5.6385069,-0.1855649
1343,5.6382525,-0.1855851
1344,5.6381071,-0.1855851
1345,5.6396982,-0.1857152
1346,5.6399797,-0.1856172
1347,5.6401023,-0.1856228
1348,5.6404675,-0.1857376
1349,5.6407323,-0.1856984
1350,5.6408407,-0.1856628
1351,5.6431474,-0.1861041
1352,5.6429715,-0.1863113
1353,5.6492501,-0.1867187
1354,5.6491086,-0.1866794
1355,5.6489581,-0.1865282
1356,5.6487745,-0.1864072
1357,5.6485126,-0.1864556
1358,5.6483351,-0.1864737
1359,5.6479618,-0.1864798
1360,5.6477933,-0.1864737
1361,5.6476909,-0.1864042
1362,5.6475856,-0.1864223
1363,5.6474953,-0.1864798
1364,5.6474020,-0.1865554
1365,5.6473358,-0.1866159
1366,5.6399640,-0.1855016
1367,5.6469993,-0.1835815
1368,5.6472262,-0.1836585
1369,5.6473979,-0.1837417
1370,5.6475757,-0.1838465
1371,5.6477474,-0.1839728
1372,5.6473887,-0.1841608
1373,5.6486246,-0.1838235
1374,5.6487136,-0.1834483
1375,5.6487990,-0.1830888
1376,5.6463212,-0.1977693
1377,5.6462606,-0.1976724
1378,5.6500669,-0.1892191
1379,5.6500082,-0.1892835
1380,5.6499388,-0.1893318
1381,5.6498747,-0.1893532
1382,5.6494049,-0.1871806
1383,5.6492982,-0.1872504
1384,5.6492234,-0.1872987
1385,5.6491327,-0.1873255
1386,5.6490900,-0.1874489
1387,5.6490312,-0.1875240
1388,5.6488818,-0.1876527
1389,5.6488017,-0.1877224
1390,5.6487643,-0.1877546
1391,5.6487109,-0.1878190
1392,5.6397191,-0.1905563
1393,5.6396662,-0.1904537
1394,5.6396134,-0.1903864
1395,5.6389653,-0.1920711
1396,5.6389372,-0.1918941
1397,5.6389653,-0.1918552
1398,5.6390393,-0.1918481
1399,5.6380989,-0.1898591
1400,5.6379932,-0.1899759
1401,5.6378876,-0.1900927
1402,5.6378629,-0.1901352
1403,5.6387975,-0.1862848
1404,5.6389470,-0.1862311
1405,5.6390538,-0.1861775
1406,5.6391750,-0.1861116
1407,5.6392614,-0.1860161
1408,5.6465585,-0.1969095
1409,5.6465888,-0.1968993
1410,5.6466232,-0.1968973
1411,5.6466677,-0.1969074
1412,5.6466879,-0.1969237
1413,5.6467122,-0.1969603
1414,5.6467264,-0.1969826
1415,5.6464310,-0.1961167
1416,5.6464634,-0.1961167
1417,5.6465079,-0.1961330
1418,5.6465524,-0.1961594
1419,5.6465787,-0.1962061
1420,5.6465929,-0.1962387
1421,5.6463218,-0.1953869
1422,5.6463481,-0.1953971
1423,5.6464027,-0.1954093
1424,5.6464290,-0.1954378
1425,5.6464573,-0.1954744
1426,5.6464816,-0.1955130
1427,5.6478793,-0.1939391
1428,5.6477659,-0.1938683
1429,5.6477076,-0.1938313
1430,5.6477413,-0.1937327
1431,5.6477597,-0.1936988
1432,5.6485275,-0.1948294
1433,5.6485765,-0.1949311
1434,5.6485765,-0.1949835
1435,5.6485551,-0.1950451
1436,5.6482883,-0.1948541
1437,5.6482239,-0.1948110
1438,5.6482515,-0.1946877
1439,5.6480798,-0.1928422
1440,5.6481841,-0.1928730
1441,5.6482546,-0.1929130
1442,5.6483221,-0.1929562
1443,5.6484048,-0.1928791
1444,5.6453664,-0.1923873
1445,5.6454368,-0.1923484
1446,5.6455425,-0.1922776
1447,5.6455883,-0.1922068
1448,5.6447747,-0.1921007
1449,5.6447254,-0.1920546
1450,5.6446690,-0.1920546
1451,5.6445915,-0.1920971
1452,5.6450987,-0.1916193
1453,5.6451410,-0.1915946
1454,5.6452044,-0.1915662
1455,5.6452678,-0.1915875
1456,5.6465639,-0.1920051
1457,5.6464758,-0.1919874
1458,5.6463596,-0.1911805
1459,5.6463032,-0.1911911
1460,5.6462328,-0.1912194
1461,5.6460250,-0.1905753
1462,5.6459651,-0.1906354
1463,5.6459616,-0.1907027
1464,5.6450562,-0.1864558
1465,5.6449561,-0.1864578
1466,5.6449294,-0.1864819
1467,5.6449180,-0.1865114
1468,5.6448993,-0.1866683
1469,5.6449011,-0.1870973
1470,5.6448984,-0.1871503
1471,5.6449320,-0.1872128
1472,5.6449732,-0.1872630
1473,5.6450014,-0.1872752
1474,5.6450286,-0.1872885
1475,5.6450960,-0.1873113
1476,5.6446529,-0.1876063
1477,5.6444420,-0.1874695
1478,5.6443620,-0.1874131
1479,5.6442819,-0.1873408
1480,5.6442418,-0.1873220
1481,5.6441217,-0.1872093
1482,5.6439482,-0.1870671
1483,5.6419792,-0.1961499
1484,5.6418778,-0.1960909
1485,5.6417924,-0.1959461
1486,5.6417016,-0.1957583
1487,5.6416803,-0.1957154
1488,5.6414614,-0.1967078
1489,5.6415735,-0.1966166
1490,5.6416429,-0.1965845
1491,5.6417443,-0.1966059
1492,5.6427586,-0.1917887
1493,5.6426252,-0.1917297
1494,5.6425504,-0.1916438
1495,5.6424917,-0.1915312
1496,5.6424276,-0.1913917
1497,5.6412426,-0.1911482
1498,5.6413656,-0.1912483
1499,5.6413187,-0.1913012
1500,5.6410787,-0.1909835
1501,5.6408913,-0.1910188
1502,5.6408269,-0.1909658
1503,5.6415094,-0.1898655
1504,5.6415922,-0.1897649
1505,5.6416816,-0.1897448
1506,5.6465222,-0.1906407
1507,5.6464581,-0.1905012
1508,5.6463407,-0.1905602
1509,5.6460738,-0.1938164
1510,5.6460418,-0.1937360
1511,5.6461058,-0.1936501
1512,5.6470454,-0.1925719
1513,5.6469600,-0.1926309
1514,5.6468105,-0.1927006
1515,5.6402989,-0.1838688
1516,5.6402983,-0.1840847
1517,5.6402843,-0.1842376
1518,5.6402202,-0.1845695
1519,5.6401908,-0.1846781
1520,5.6387762,-0.1888061
1521,5.6389683,-0.1889187
1522,5.6395342,-0.1889670
1523,5.6395929,-0.1890153
1524,5.6397424,-0.1889026
1525,5.6378366,-0.1888061
1526,5.6379807,-0.1889509
1527,5.6381088,-0.1889080
1528,5.6382370,-0.1889563
1529,5.6400761,-0.1945084
1530,5.6401188,-0.1944387
1531,5.6395111,-0.1940515
1532,5.6394097,-0.1940462
1533,5.6394044,-0.1941320
1534,5.6394150,-0.1942285
1535,5.6394791,-0.1942929
1536,5.6396126,-0.1943037
1537,5.6397780,-0.1943090
1538,5.6399008,-0.1943090
1539,5.6446618,-0.1959783
1540,5.6447045,-0.1960373
1541,5.6449714,-0.1959890
1542,5.6447579,-0.1967025
1543,5.6448113,-0.1967883
1544,5.6448860,-0.1967722
1545,5.6449874,-0.1967508
1546,5.6445710,-0.1952434
1547,5.6445870,-0.1952916
1548,5.6449340,-0.1974910
1549,5.6449500,-0.1975554
1550,5.6444215,-0.1938486
1551,5.6444803,-0.1937521
1552,5.6445710,-0.1937252
1553,5.6417790,-0.1894122
1554,5.6418751,-0.1893425
1555,5.6419338,-0.1894230
1556,5.6417203,-0.1909035
1557,5.6417897,-0.1908016
1558,5.6416135,-0.1905656
1559,5.6423235,-0.1897877
1560,5.6425958,-0.1962626
1561,5.6425371,-0.1963216
1562,5.6423502,-0.1964021
1563,5.6499197,-0.1968129
1564,5.6499010,-0.1969175
1565,5.6498343,-0.1970302
1566,5.6497008,-0.1971965
1567,5.6495140,-0.1975613
1568,5.6498289,-0.1969253
1569,5.6497428,-0.1969349
1570,5.6496955,-0.1968988
1571,5.6496835,-0.1968609
1572,5.6496581,-0.1967807
1573,5.6497195,-0.1966922
1574,5.6496314,-0.1968505
1575,5.6495727,-0.1968049
1576,5.6495087,-0.1969175
1577,5.6494259,-0.1970409
1578,5.6494099,-0.1971455
1579,5.6493672,-0.1971697
1580,5.6493458,-0.1971562
1581,5.6493378,-0.1970919
1582,5.6493218,-0.1970275
1583,5.6492738,-0.1970034
1584,5.6492391,-0.1970007
1585,5.6492070,-0.1970168
1586,5.6501209,-0.1965858
1587,5.6501266,-0.1963605
1588,5.6499349,-0.1953472
1589,5.6499759,-0.1953441
1590,5.6500352,-0.1914155
1591,5.6499945,-0.1914155
1592,5.6441067,-0.1845118
1593,5.6441948,-0.1844179
1594,5.6442829,-0.1843535
1595,5.6443817,-0.1842945
1596,5.6445178,-0.1842221
1597,5.6446166,-0.1842167
1598,5.6446753,-0.1842435
1599,5.6447233,-0.1842704
1600,5.6447527,-0.1843508
1601,5.6458604,-0.1840186
1602,5.6458038,-0.1839959
1603,5.6457509,-0.1839845
1604,5.6431110,-0.1853648
1605,5.6425245,-0.1853585
1606,5.6450208,-0.1943830
1607,5.6450375,-0.1944320
1608,5.6449494,-0.1945661
1609,5.6448993,-0.1911141
1610,5.6448599,-0.1911506
1611,5.6434153,-0.1884735
1612,5.6434406,-0.1881261
1613,5.6419552,-0.1903456
1614,5.6436868,-0.1854238
1615,5.6436594,-0.1853522
1616,5.6435694,-0.1851764
1617,5.6435981,-0.1850282
1618,5.6413199,-0.1856303
1619,5.6409154,-0.1854714
1620,5.6416383,-0.1856340
1621,5.6418640,-0.1857656
1622,5.6412445,-0.1858097
1623,5.6409654,-0.1853434
1624,5.6432631,-0.1852669
1625,5.6429975,-0.1851717
1626,5.6432431,-0.1853608
1627,5.6439478,-0.1871511
1628,5.6439491,-0.1868936
1629,5.6439478,-0.1865745
1630,5.6491540,-0.1920596
1631,5.6490446,-0.1920676
1632,5.6489592,-0.1920757
1633,5.6489352,-0.1920408
1634,5.6491834,-0.1924646
1635,5.6491300,-0.1924914
1636,5.6490980,-0.1925397
1637,5.6490713,-0.1925987
1638,5.6492848,-0.1931244
1639,5.6492368,-0.1931620
1640,5.6492154,-0.1932290
1641,5.6491914,-0.1933336
1642,5.6491514,-0.1934329
1643,5.6490900,-0.1935562
1644,5.6490366,-0.1935804
1645,5.6489645,-0.1935616
1646,5.6460684,-0.1931834
1647,5.6459750,-0.1932156
1648,5.6456013,-0.1934087
1649,5.6455266,-0.1934007
1650,5.6454385,-0.1933953
1651,5.6453851,-0.1934302
1652,5.6459270,-0.1942778
1653,5.6458389,-0.1943019
1654,5.6457722,-0.1943529
1655,5.6461432,-0.1949859
1656,5.6460791,-0.1950046
1657,5.6460151,-0.1950476
1658,5.6451235,-0.1958710
1659,5.6452143,-0.1958925
1660,5.6452303,-0.1959729
1661,5.6462233,-0.1946265
1662,5.6463033,-0.1945353
1663,5.6464261,-0.1929849
1664,5.6464902,-0.1930654
1665,5.6465645,-0.1931387
1666,5.6486485,-0.1946964
1667,5.6487496,-0.1947655
1668,5.6488305,-0.1948549
1669,5.6489600,-0.1948021
1670,5.6490045,-0.1947777
1671,5.6474105,-0.1930051
1672,5.6473336,-0.1930214
1673,5.6473255,-0.1930905
1674,5.6473255,-0.1931962
1675,5.6417383,-0.1848793
1676,5.6479182,-0.1822614
1677,5.6479902,-0.1822856
1678,5.6480756,-0.1822668
1679,5.6486495,-0.1818350
1680,5.6487269,-0.1817974
1681,5.6491300,-0.1816580
1682,5.6493042,-0.1816251
1683,5.6391212,-0.1844294
1684,5.6391472,-0.1844180
1685,5.6391785,-0.1844193
1686,5.6392846,-0.1844287
1687,5.6394021,-0.1844287
1688,5.6394428,-0.1843958
1689,5.6394728,-0.1843469
1690,5.6395142,-0.1842208
1691,5.6396509,-0.1838829
1692,5.6397451,-0.1838272
1693,5.6380418,-0.1839398
1694,5.6381969,-0.1840612
1695,5.6368436,-0.1875875
1696,5.6375710,-0.1879665
1697,5.6377872,-0.1877573
1698,5.6380154,-0.1875521
1699,5.6382787,-0.1875410
1700,5.6384260,-0.1875276
1701,5.6386237,-0.1874232
1702,5.6389218,-0.1872583
1703,5.6392333,-0.1870765
1704,5.6394544,-0.1869688
1705,5.6379560,-0.1857185
1706,5.6380445,-0.1856481
1707,5.6383965,-0.1850925
1708,5.6384238,-0.1850221
1709,5.6384352,-0.1849598
1710,5.6384358,-0.1848920
1711,5.6401041,-0.1854855
1712,5.6431724,-0.1841497
1713,5.6424223,-0.1840290
1714,5.6497826,-0.1849781
1715,5.6497669,-0.1925707
1716,5.6499047,-0.1925788
1717,5.6495437,-0.1931700
1718,5.6496372,-0.1930869
1719,5.6496905,-0.1930091
1720,5.6497439,-0.1928857
1721,5.6497599,-0.1927972
1722,5.6497733,-0.1926389
1723,5.6497599,-0.1924968
1724,5.6497466,-0.1922929
1725,5.6497599,-0.1922339
1726,5.6498187,-0.1921830
1727,5.6499174,-0.1921749
1728,5.6502431,-0.1921776
1729,5.6497986,-0.1815111
1730,5.6497793,-0.1815433
1731,5.6497626,-0.1815567
1732,5.6499741,-0.1815037
1733,5.6499801,-0.1810491
1734,5.6502070,-0.1822186
1735,5.6502230,-0.1821924
1736,5.6502497,-0.1821750
1737,5.6473150,-0.1819302
1738,5.6472796,-0.1819389
1739,5.6468258,-0.1819342
1740,5.6476993,-0.1812489
1741,5.6477087,-0.1812281
1742,5.6477300,-0.1812074
1743,5.6479262,-0.1811832
1744,5.6485922,-0.1811832
1745,5.6483920,-0.1811564
1746,5.6515509,-0.1888852
1747,5.6509250,-0.1889361
1748,5.6476886,-0.1890408
1749,5.6476726,-0.1890340
1750,5.6475819,-0.1890327
1751,5.6475699,-0.1890408
1752,5.6396932,-0.1869198
1753,5.6398494,-0.1868937
1754,5.6400018,-0.1868713
1755,5.6400799,-0.1868526
1756,5.6401989,-0.1868376
1757,5.6402919,-0.1868189
1758,5.6403775,-0.1868189
1759,5.6404742,-0.1868189
1760,5.6405746,-0.1868077
1761,5.6406266,-0.1868264
1762,5.6407494,-0.1868600
1763,5.6408535,-0.1868750
1764,5.6409651,-0.1868787
1765,5.6410618,-0.1868526
1766,5.6501334,-0.1885579
1767,5.6502284,-0.1884316
1768,5.6395402,-0.1811546
1769,5.6395309,-0.1811686
1770,5.6490780,-0.1852857
1771,5.6497459,-0.1852893
1772,5.6497659,-0.1852763
1773,5.6497758,-0.1852612
1774,5.6497826,-0.1852367
1775,5.6478128,-0.1886478
1776,5.6453317,-0.1901123
1777,5.6446031,-0.1859213
1778,5.6444462,-0.1859267
1779,5.6442220,-0.1859321
1780,5.6441600,-0.1859213
1781,5.6441386,-0.1859079
1782,5.6441126,-0.1858684
1783,5.6441052,-0.1858308
1784,5.6441386,-0.1855519
1785,5.6441653,-0.1854104
1786,5.6441920,-0.1853520
1787,5.6442601,-0.1853326
1788,5.6443682,-0.1853353
1789,5.6444336,-0.1853701
1790,5.6404536,-0.1823269
1791,5.6406231,-0.1818267
1792,5.6406540,-0.1807797
1793,5.6418882,-0.1976732
1794,5.6420223,-0.1981567
1795,5.6417066,-0.1878833
1796,5.6417183,-0.1875984
1797,5.6417337,-0.1875374
1798,5.6417697,-0.1875166
1799,5.6419292,-0.1875186
1800,5.6422733,-0.1875119
1801,5.6422642,-0.1879305
1802,5.6423595,-0.1879326
1803,5.6422655,-0.1878728
1804,5.6418651,-0.1878633
1805,5.6422745,-0.1874599
1806,5.6423698,-0.1874620
1807,5.6422786,-0.1872711
1808,5.6421981,-0.1894290
1809,5.6421767,-0.1892567
1810,5.6421374,-0.1891816
1811,5.6420780,-0.1891132
1812,5.6419659,-0.1890756
1813,5.6416456,-0.1890300
1814,5.6416316,-0.1890126
1815,5.6416376,-0.1889348
1816,5.6416963,-0.1881342
