fromId,toId,distanceMeters,speedKph,undirected,highway
1,2,29.2,30,1,residential
2,3,27.4,30,1,residential
3,4,36.7,30,1,residential
4,5,29.3,30,1,residential
5,6,35.4,30,1,residential
6,7,21.7,30,1,residential
7,8,27.2,30,1,residential
8,9,38.0,30,1,residential
9,10,33.2,30,1,residential
10,11,31.5,30,1,residential
11,12,30.5,30,1,residential
12,13,22.0,30,1,residential
13,14,29.2,30,1,residential
14,15,20.5,30,1,residential
15,16,21.6,30,1,residential
16,17,29.7,30,1,residential
17,18,13.3,30,1,residential
18,19,21.6,30,1,residential
19,20,22.9,30,1,residential
20,21,21.6,30,1,residential
21,22,21.8,30,1,residential
22,23,10.5,30,1,residential
23,24,14.9,30,1,residential
24,25,14.9,30,1,residential
25,26,15.3,30,1,residential
26,27,31.5,30,1,residential
27,28,15.3,30,1,residential
28,29,24.1,30,1,residential
29,30,19.5,30,1,residential
30,31,19.1,30,1,residential
31,32,40.3,30,1,residential
32,33,43.5,30,1,residential
34,35,51.8,30,1,residential
35,36,114.8,30,1,residential
36,37,5.1,30,1,residential
37,38,25.6,30,1,residential
38,39,73.9,30,1,residential
39,40,43.1,30,1,residential
40,41,33.1,30,1,residential
41,42,8.3,30,1,residential
42,43,24.3,30,1,residential
43,44,18.8,30,1,residential
44,45,54.9,30,1,residential
45,46,27.6,30,1,residential
46,47,92.8,30,1,residential
47,48,90.8,30,1,residential
48,49,61.0,30,1,residential
49,50,3.8,30,1,residential
50,51,7.7,30,1,residential
51,52,11.4,30,1,residential
52,53,10.5,30,1,residential
53,54,18.6,30,1,residential
54,55,23.4,30,1,residential
55,56,10.3,30,1,residential
56,57,2.1,30,1,residential
57,58,14.0,30,1,residential
58,59,15.9,30,1,residential
59,60,16.1,30,1,residential
60,61,14.8,30,1,residential
61,62,15.9,30,1,residential
63,64,39.6,20,1,unclassified
65,66,9.7,40,1,tertiary
66,67,9.7,40,1,tertiary
67,68,9.7,40,1,tertiary
68,69,7.4,40,1,tertiary
69,70,7.4,40,1,tertiary
70,71,11.0,40,1,tertiary
71,63,8.8,40,1,tertiary
63,72,12.1,40,1,tertiary
72,73,9.7,40,1,tertiary
73,74,9.7,40,1,tertiary
74,75,9.7,40,1,tertiary
75,76,8.1,40,1,tertiary
76,77,8.1,40,1,tertiary
77,78,8.1,40,1,tertiary
79,80,69.0,20,1,unclassified
78,81,9.9,40,1,tertiary
81,82,8.5,40,1,tertiary
82,83,9.7,40,1,tertiary
68,84,4.6,20,1,unclassified
84,85,8.1,20,1,unclassified
85,79,13.1,20,1,unclassified
86,87,15.8,40,1,tertiary
87,88,12.9,40,1,tertiary
88,89,16.2,40,1,tertiary
90,91,15.6,20,1,unclassified
91,92,16.4,20,1,unclassified
92,93,13.0,20,1,unclassified
93,94,11.7,20,1,unclassified
95,96,103.3,20,1,unclassified
96,97,48.1,20,1,unclassified
97,98,109.1,20,1,unclassified
99,100,19.2,40,1,tertiary
100,101,30.3,40,1,tertiary
101,102,9.0,40,1,tertiary
102,103,23.8,40,1,tertiary
103,104,15.9,40,1,tertiary
104,105,26.6,40,1,tertiary
105,106,65.5,40,1,tertiary
106,107,11.7,40,1,tertiary
107,108,22.6,40,1,tertiary
108,109,62.1,40,1,tertiary
109,110,80.8,40,1,tertiary
110,111,22.0,40,1,tertiary
112,113,33.3,20,1,unclassified
113,114,20.3,20,1,unclassified
114,115,19.7,20,1,unclassified
115,116,43.5,20,1,unclassified
116,117,146.7,20,1,unclassified
117,118,50.8,20,1,unclassified
118,119,19.6,20,1,unclassified
119,120,95.6,20,1,unclassified
120,121,13.8,20,1,unclassified
121,122,66.5,20,1,unclassified
122,123,123.6,20,1,unclassified
123,124,11.7,20,1,unclassified
124,125,65.6,20,1,unclassified
125,126,33.7,20,1,unclassified
126,127,13.9,20,1,unclassified
99,128,8.9,40,1,tertiary
128,129,11.0,40,1,tertiary
129,130,12.1,40,1,tertiary
130,94,13.0,40,1,tertiary
131,132,4.8,30,1,residential
132,133,63.5,30,1,residential
133,134,16.0,30,1,residential
134,135,22.7,30,1,residential
135,136,22.8,30,1,residential
136,137,80.0,30,1,residential
137,138,17.0,30,1,residential
138,139,55.1,30,1,residential
139,140,11.1,30,1,residential
140,141,20.0,30,1,residential
141,142,43.7,30,1,residential
142,143,107.8,30,1,residential
143,144,90.8,30,1,residential
144,145,33.1,30,1,residential
145,146,21.8,30,1,residential
146,147,50.2,30,1,residential
147,148,13.6,30,1,residential
148,149,24.2,30,1,residential
149,150,52.1,30,1,residential
150,151,16.9,30,1,residential
151,152,14.2,30,1,residential
152,153,79.9,30,1,residential
153,154,105.7,30,1,residential
154,155,99.2,30,1,residential
155,156,128.5,30,1,residential
156,157,128.8,30,1,residential
157,158,32.7,30,1,residential
159,160,64.1,30,1,residential
160,161,17.6,30,1,residential
161,162,41.5,30,1,residential
162,163,31.0,30,1,residential
163,164,21.6,30,1,residential
164,165,6.5,30,1,residential
165,166,100.5,30,1,residential
166,167,4.0,30,1,residential
64,168,39.5,20,1,unclassified
168,169,101.8,20,1,unclassified
169,170,169.9,20,1,unclassified
170,171,41.4,20,1,unclassified
171,172,58.4,20,1,unclassified
172,173,10.7,20,1,unclassified
173,174,30.0,20,1,unclassified
174,175,40.9,20,1,unclassified
175,176,29.9,20,1,unclassified
176,177,19.1,20,1,unclassified
177,178,28.9,20,1,unclassified
178,179,9.9,20,1,unclassified
179,180,13.0,20,1,unclassified
180,181,30.8,20,1,unclassified
181,182,20.9,20,1,unclassified
183,184,53.0,20,1,service
184,185,26.1,20,1,service
185,186,46.3,20,1,service
187,188,2.0,20,1,service
188,189,1.6,20,1,service
189,190,2.0,20,1,service
190,191,51.3,20,1,service
191,192,2.6,20,1,service
192,193,1.8,20,1,service
193,194,39.0,20,1,service
194,195,9.5,20,1,service
195,196,2.0,20,1,service
196,197,1.8,20,1,service
197,198,9.4,20,1,service
199,97,17.4,20,1,unclassified
200,201,6.1,30,1,residential
201,202,3.8,30,1,residential
202,203,3.8,30,1,residential
203,204,3.8,30,1,residential
204,205,3.8,30,1,residential
205,206,3.8,30,1,residential
206,207,3.8,30,1,residential
207,208,3.8,30,1,residential
208,209,3.8,30,1,residential
209,210,3.8,30,1,residential
210,211,3.8,30,1,residential
211,212,3.8,30,1,residential
212,213,6.7,30,1,residential
214,215,54.6,20,1,unclassified
215,216,22.0,20,1,unclassified
216,217,46.6,20,1,unclassified
217,218,26.4,20,1,unclassified
218,219,16.7,20,1,unclassified
219,220,21.3,20,1,unclassified
220,221,20.3,20,1,unclassified
221,222,7.3,20,1,unclassified
222,223,22.5,20,1,unclassified
223,224,6.9,20,1,unclassified
224,225,48.8,20,1,unclassified
225,226,9.6,20,1,unclassified
226,227,23.2,20,1,unclassified
227,228,26.3,20,1,unclassified
228,229,73.6,20,1,unclassified
229,230,20.8,20,1,unclassified
230,231,77.0,20,1,unclassified
231,232,23.5,20,1,unclassified
232,233,21.2,20,1,unclassified
233,234,54.0,20,1,unclassified
234,235,47.0,20,1,unclassified
235,236,17.7,20,1,unclassified
236,237,4.2,20,1,unclassified
237,238,6.1,20,1,unclassified
238,239,46.8,20,1,unclassified
240,241,7.4,20,1,unclassified
241,242,7.4,20,1,unclassified
242,243,7.4,20,1,unclassified
243,244,7.4,20,1,unclassified
244,245,7.4,20,1,unclassified
245,246,7.4,20,1,unclassified
246,247,2.7,20,1,unclassified
247,248,9.8,20,1,unclassified
248,249,9.8,20,1,unclassified
249,250,8.4,20,1,unclassified
250,251,8.4,20,1,unclassified
251,252,8.8,20,1,unclassified
252,253,8.8,20,1,unclassified
253,254,8.1,20,1,unclassified
254,255,8.1,20,1,unclassified
255,256,8.9,20,1,unclassified
256,257,8.9,20,1,unclassified
257,240,4.9,20,1,unclassified
258,259,5.3,20,1,unclassified
259,260,5.3,20,1,unclassified
260,261,6.0,20,1,unclassified
261,262,6.3,20,1,unclassified
262,263,6.2,20,1,unclassified
263,264,6.3,20,1,unclassified
264,265,5.7,20,1,unclassified
265,266,5.7,20,1,unclassified
266,267,5.6,20,1,unclassified
267,268,5.7,20,1,unclassified
268,269,6.1,20,1,unclassified
269,214,6.1,20,1,unclassified
214,270,6.1,20,1,unclassified
270,271,5.1,20,1,unclassified
271,272,5.1,20,1,unclassified
272,273,5.1,20,1,unclassified
273,274,5.1,20,1,unclassified
274,258,5.3,20,1,unclassified
275,276,134.7,30,1,residential
251,277,40.0,30,1,residential
277,200,51.6,30,1,residential
213,278,50.7,30,1,residential
278,253,41.1,30,1,residential
279,280,47.2,30,1,residential
280,281,96.5,30,1,residential
281,282,54.0,30,1,residential
247,283,70.3,20,1,unclassified
283,284,26.4,20,1,unclassified
284,285,35.5,20,1,unclassified
285,286,68.6,20,1,unclassified
217,287,24.7,30,1,residential
287,288,97.3,30,1,residential
288,289,73.5,30,1,residential
289,290,16.6,30,1,residential
290,291,19.5,30,1,residential
291,292,46.0,30,1,residential
292,293,20.9,30,1,residential
293,294,97.7,30,1,residential
295,296,8.7,30,1,residential
296,297,4.9,30,1,residential
297,283,5.4,30,1,residential
283,298,5.2,30,1,residential
298,299,76.6,30,1,residential
299,300,22.7,30,1,residential
300,301,19.0,30,1,residential
301,302,84.5,30,1,residential
302,303,74.4,30,1,residential
304,305,17.1,30,1,residential
305,306,3.6,30,1,residential
306,307,24.3,30,1,residential
307,308,16.2,30,1,residential
308,309,39.5,30,1,residential
309,310,43.2,30,1,residential
310,311,37.5,30,1,residential
311,312,44.0,30,1,residential
312,313,75.4,30,1,residential
314,199,110.4,20,1,unclassified
199,167,23.2,20,1,unclassified
167,315,25.2,20,1,unclassified
316,282,61.2,30,1,residential
282,317,58.8,30,1,residential
317,318,42.6,30,1,residential
318,319,54.2,30,1,residential
319,320,86.2,30,1,residential
320,321,12.1,30,1,residential
321,322,10.2,30,1,residential
322,323,9.5,30,1,residential
323,213,73.4,30,1,residential
213,200,17.6,30,1,residential
200,324,77.4,30,1,residential
324,325,8.2,30,1,residential
325,326,6.5,30,1,residential
326,327,6.0,30,1,residential
327,328,22.0,30,1,residential
328,329,74.4,30,1,residential
329,330,52.5,30,1,residential
330,331,42.3,30,1,residential
331,279,60.5,30,1,residential
279,332,60.9,30,1,residential
333,332,20.4,30,1,residential
332,334,5.1,30,1,residential
334,335,4.2,30,1,residential
335,336,7.4,30,1,residential
336,337,42.6,30,1,residential
337,338,75.2,30,1,residential
338,339,13.5,30,1,residential
339,316,51.2,30,1,residential
316,340,35.6,30,1,residential
340,341,34.4,30,1,residential
270,342,21.8,20,1,unclassified
342,343,24.5,20,1,unclassified
343,344,23.9,20,1,unclassified
344,345,48.6,20,1,unclassified
346,347,14.2,30,1,residential
347,348,13.0,30,1,residential
348,349,12.4,30,1,residential
349,350,10.5,30,1,residential
350,351,13.6,30,1,residential
351,352,26.0,30,1,residential
352,353,12.1,30,1,residential
353,354,19.5,30,1,residential
354,355,14.5,30,1,residential
355,356,10.3,30,1,residential
356,357,11.6,30,1,residential
357,358,12.5,30,1,residential
358,359,11.8,30,1,residential
359,360,8.4,30,1,residential
360,361,72.3,30,1,residential
361,362,15.4,30,1,residential
315,96,17.4,20,1,unclassified
22,363,26.4,30,1,residential
363,364,39.7,30,1,residential
364,365,36.9,30,1,residential
365,366,57.8,30,1,residential
366,367,20.4,30,1,residential
367,368,4.8,30,1,residential
368,369,20.3,30,1,residential
369,370,10.8,30,1,residential
370,371,6.9,30,1,residential
371,372,9.6,30,1,residential
372,373,14.2,30,1,residential
373,374,10.0,30,1,residential
374,375,11.6,30,1,residential
375,376,8.9,30,1,residential
376,377,8.2,30,1,residential
377,378,15.0,30,1,residential
378,379,17.6,30,1,residential
379,380,64.1,30,1,residential
380,381,25.4,30,1,residential
381,382,37.3,30,1,residential
382,383,80.6,30,1,residential
383,384,12.0,30,1,residential
384,346,46.3,30,1,residential
346,385,13.2,30,1,residential
385,386,30.5,30,1,residential
386,387,23.5,30,1,residential
387,388,25.1,30,1,residential
388,389,27.1,30,1,residential
389,390,21.8,30,1,residential
390,391,24.7,30,1,residential
391,392,18.0,30,1,residential
392,393,24.6,30,1,residential
393,394,36.6,30,1,residential
330,395,50.6,30,1,residential
395,117,76.1,30,1,residential
117,396,44.7,30,1,residential
396,397,18.1,30,1,residential
397,398,32.0,30,1,residential
398,399,33.1,30,1,residential
399,394,52.2,30,1,residential
394,400,55.0,30,1,residential
400,401,30.5,30,1,residential
401,402,22.4,30,1,residential
402,403,24.9,30,1,residential
404,405,124.8,20,1,unclassified
405,406,35.4,20,1,unclassified
406,239,138.7,20,1,unclassified
239,407,50.0,20,1,unclassified
407,408,6.0,20,1,unclassified
408,409,38.2,20,1,unclassified
409,90,20.3,20,1,unclassified
111,410,28.1,40,1,tertiary
410,127,30.4,40,1,tertiary
80,411,56.5,30,1,residential
411,412,32.6,30,1,residential
412,413,9.8,30,1,residential
413,414,6.0,30,1,residential
414,415,5.2,30,1,residential
415,416,6.2,30,1,residential
416,417,9.7,30,1,residential
417,418,10.3,30,1,residential
418,419,16.2,30,1,residential
419,420,109.0,30,1,residential
420,421,5.0,30,1,residential
421,422,18.4,30,1,residential
422,423,32.1,30,1,residential
423,424,86.7,30,1,residential
424,425,71.6,30,1,residential
425,426,39.4,30,1,residential
426,427,99.4,30,1,residential
427,428,125.5,30,1,residential
428,429,5.9,30,1,residential
429,430,4.6,30,1,residential
430,431,6.5,30,1,residential
431,432,172.7,30,1,residential
333,433,5.0,30,1,residential
433,434,2.4,30,1,residential
434,435,3.1,30,1,residential
435,436,74.3,30,1,residential
436,437,70.5,30,1,residential
437,438,3.8,30,1,residential
438,439,3.9,30,1,residential
439,440,4.2,30,1,residential
440,441,42.0,30,1,residential
441,442,49.6,30,1,residential
442,443,93.8,30,1,residential
443,444,41.4,30,1,residential
444,445,23.4,30,1,residential
445,446,2.1,30,1,residential
109,447,127.3,30,1,residential
447,441,42.8,30,1,residential
446,448,2.3,30,1,residential
448,449,51.3,30,1,residential
449,340,108.7,30,1,residential
122,436,96.1,30,1,residential
13,450,49.1,30,1,residential
450,451,49.8,30,1,residential
451,452,42.7,30,1,residential
452,453,50.0,30,1,residential
453,454,29.5,30,1,residential
454,455,25.5,30,1,residential
455,456,23.5,30,1,residential
456,457,18.3,30,1,residential
457,458,18.1,30,1,residential
458,459,20.9,30,1,residential
459,460,25.2,30,1,residential
460,461,88.1,30,1,residential
461,462,16.2,30,1,residential
462,463,16.8,30,1,residential
463,464,6.7,30,1,residential
464,465,10.2,30,1,residential
465,466,7.9,30,1,residential
466,467,9.1,30,1,residential
467,468,13.5,30,1,residential
468,469,15.7,30,1,residential
469,470,17.8,30,1,residential
470,471,0.5,30,1,residential
471,472,77.2,30,1,residential
472,473,38.5,30,1,residential
473,474,16.1,30,1,residential
474,475,11.6,30,1,residential
475,476,49.4,30,1,residential
476,17,55.4,30,1,residential
362,477,7.4,30,1,residential
477,478,6.3,30,1,residential
478,479,14.9,30,1,residential
479,480,26.1,30,1,residential
480,481,34.0,30,1,residential
481,482,6.6,30,1,residential
482,483,20.2,30,1,residential
483,484,13.3,30,1,residential
484,38,25.6,30,1,residential
485,486,34.1,30,1,residential
486,487,35.7,30,1,residential
487,488,15.1,30,1,residential
488,489,7.1,30,1,residential
489,490,32.2,30,1,residential
490,491,24.1,30,1,residential
491,492,14.0,30,1,residential
492,493,8.8,30,1,residential
493,494,30.7,30,1,residential
494,495,27.5,30,1,residential
495,496,64.6,30,1,residential
496,497,54.1,30,1,residential
497,123,28.8,30,1,residential
485,498,34.1,30,1,residential
498,499,26.7,30,1,residential
499,500,27.6,30,1,residential
500,501,28.6,30,1,residential
501,502,29.3,30,1,residential
502,503,59.4,30,1,residential
503,504,27.7,30,1,residential
504,505,31.9,30,1,residential
505,506,11.7,30,1,residential
506,507,16.6,30,1,residential
507,397,20.4,30,1,residential
33,508,20.3,30,1,residential
508,509,13.6,30,1,residential
509,510,13.1,30,1,residential
510,400,22.8,30,1,residential
511,512,19.4,30,1,residential
512,513,21.1,30,1,residential
513,514,40.6,30,1,residential
514,515,7.9,30,1,residential
515,516,6.8,30,1,residential
516,517,15.2,30,1,residential
517,518,40.5,30,1,residential
518,519,12.8,30,1,residential
519,520,22.2,30,1,residential
520,521,33.7,30,1,residential
521,522,15.6,30,1,residential
522,523,5.8,30,1,residential
523,524,11.1,30,1,residential
524,525,13.9,30,1,residential
525,526,10.0,30,1,residential
526,527,10.2,30,1,residential
527,528,8.5,30,1,residential
528,529,14.2,30,1,residential
529,530,17.5,30,1,residential
530,531,13.7,30,1,residential
531,532,27.0,30,1,residential
532,533,11.4,30,1,residential
534,511,22.4,30,1,residential
511,535,26.6,30,1,residential
535,536,26.7,30,1,residential
536,537,26.7,30,1,residential
537,538,21.4,30,1,residential
538,539,21.5,30,1,residential
539,540,21.4,30,1,residential
540,541,21.4,30,1,residential
541,542,21.8,30,1,residential
542,543,21.8,30,1,residential
543,544,21.8,30,1,residential
544,545,21.8,30,1,residential
545,546,22.4,30,1,residential
546,547,22.4,30,1,residential
547,534,22.4,30,1,residential
548,549,30.5,30,1,residential
549,550,52.1,30,1,residential
550,551,40.4,30,1,residential
551,552,12.0,30,1,residential
552,553,12.1,30,1,residential
553,554,12.7,30,1,residential
554,555,18.8,30,1,residential
556,557,6.9,5,1,path
557,558,7.2,5,1,path
558,559,6.9,5,1,path
559,560,2.8,5,1,path
560,561,38.5,5,1,path
561,562,5.9,5,1,path
562,563,5.8,5,1,path
563,564,22.2,5,1,path
564,565,22.8,5,1,path
565,566,83.2,5,1,path
566,567,30.2,5,1,path
567,568,19.1,5,1,path
568,569,16.6,5,1,path
569,470,35.9,5,1,path
408,570,72.0,5,1,footway
570,236,10.1,5,1,footway
571,572,130.9,30,1,residential
572,573,37.2,30,1,residential
573,574,88.8,30,1,residential
574,575,11.2,30,1,residential
575,576,14.0,30,1,residential
576,577,49.7,30,1,residential
577,578,32.7,30,1,residential
579,571,107.1,30,1,residential
571,580,92.7,30,1,residential
261,581,3.7,30,1,residential
581,582,153.2,30,1,residential
582,583,45.5,30,1,residential
475,584,28.9,30,1,residential
584,585,43.9,30,1,residential
585,451,27.5,30,1,residential
14,585,95.8,20,1,service
585,586,21.1,20,1,service
586,587,15.5,20,1,service
587,588,16.3,20,1,service
588,589,15.0,20,1,service
589,584,22.5,20,1,service
584,16,96.3,20,1,service
590,591,23.7,30,1,residential
591,592,19.0,30,1,residential
592,593,15.4,30,1,residential
593,594,17.4,30,1,residential
594,595,20.8,30,1,residential
595,596,17.5,30,1,residential
596,597,15.7,30,1,residential
597,598,21.5,30,1,residential
598,599,18.7,30,1,residential
599,600,63.2,30,1,residential
600,601,30.1,30,1,residential
601,602,18.3,30,1,residential
602,603,5.5,30,1,residential
603,604,116.3,30,1,residential
604,605,32.8,30,1,residential
605,606,22.3,30,1,residential
606,607,20.4,30,1,residential
607,608,18.5,30,1,residential
608,537,23.0,30,1,residential
596,609,42.2,30,1,residential
609,610,52.5,30,1,residential
610,611,14.7,30,1,residential
611,612,25.1,30,1,residential
612,613,9.0,30,1,residential
613,614,10.9,30,1,residential
614,615,31.3,30,1,residential
615,616,18.8,30,1,residential
616,617,23.7,30,1,residential
617,618,18.4,30,1,residential
618,619,33.3,30,1,residential
619,620,27.1,30,1,residential
620,621,18.6,30,1,residential
621,622,22.7,30,1,residential
622,623,2.3,30,1,residential
623,624,39.7,30,1,residential
624,625,21.2,30,1,residential
625,626,12.2,30,1,residential
626,627,15.6,30,1,residential
627,628,32.6,30,1,residential
628,629,31.6,30,1,residential
629,630,43.5,30,1,residential
630,631,51.5,30,1,residential
631,632,24.1,30,1,residential
632,633,33.6,30,1,residential
633,634,57.2,30,1,residential
634,541,69.2,30,1,residential
633,635,21.3,30,1,residential
635,636,42.6,30,1,residential
636,637,41.1,30,1,residential
637,638,69.5,30,1,residential
638,639,7.6,30,1,residential
639,640,5.8,30,1,residential
640,641,35.3,30,1,residential
641,642,47.6,30,1,residential
642,643,46.0,30,1,residential
643,644,25.0,30,1,residential
644,645,15.4,30,1,residential
645,646,9.9,30,1,residential
646,647,7.3,30,1,residential
647,648,48.8,30,1,residential
648,649,24.3,30,1,residential
649,650,30.4,30,1,residential
650,651,31.8,30,1,residential
651,652,10.3,30,1,residential
652,653,25.6,30,1,residential
653,654,48.7,30,1,residential
654,655,83.7,30,1,residential
655,656,7.1,30,1,residential
656,657,92.6,30,1,residential
657,658,73.4,30,1,residential
658,659,43.6,30,1,residential
659,660,22.4,30,1,residential
660,545,9.4,30,1,residential
604,661,66.4,30,1,residential
662,657,79.4,20,1,service
663,664,44.2,30,1,residential
664,665,3.6,30,1,residential
665,666,3.6,30,1,residential
666,667,81.1,30,1,residential
667,668,7.0,30,1,residential
668,649,71.1,30,1,residential
669,670,42.4,30,1,residential
670,671,5.3,30,1,residential
671,672,3.2,30,1,residential
672,673,3.6,30,1,residential
673,674,3.3,30,1,residential
674,675,93.7,30,1,residential
675,676,23.4,30,1,residential
676,677,19.3,30,1,residential
677,678,23.1,30,1,residential
578,679,27.7,30,1,residential
679,680,43.6,30,1,residential
680,681,35.6,30,1,residential
681,682,37.7,30,1,residential
682,683,84.2,30,1,residential
683,684,40.0,30,1,residential
684,678,18.8,30,1,residential
678,685,39.5,30,1,residential
685,686,19.4,30,1,residential
686,687,6.2,30,1,residential
687,688,65.8,30,1,residential
688,689,55.6,30,1,residential
689,690,7.1,30,1,residential
691,692,19.0,30,1,residential
692,693,7.7,30,1,residential
693,694,11.1,30,1,residential
694,695,34.9,30,1,residential
695,696,18.4,30,1,residential
696,697,19.8,30,1,residential
697,698,20.3,30,1,residential
698,699,35.8,30,1,residential
699,700,14.6,30,1,residential
700,701,9.8,30,1,residential
701,702,22.7,30,1,residential
702,703,18.3,30,1,residential
703,704,26.8,30,1,residential
704,705,34.0,30,1,residential
705,706,11.9,30,1,residential
706,707,15.6,30,1,residential
707,708,13.9,30,1,residential
708,709,10.7,30,1,residential
709,710,19.7,30,1,residential
710,711,17.8,30,1,residential
711,712,32.8,30,1,residential
712,713,6.7,30,1,residential
713,714,6.0,30,1,residential
714,715,7.1,30,1,residential
715,656,11.7,30,1,residential
716,717,18.5,20,1,service
717,718,4.4,20,1,service
718,719,4.7,20,1,service
719,720,6.3,20,1,service
720,721,79.1,20,1,service
721,722,3.1,20,1,service
722,723,3.8,20,1,service
723,724,26.0,20,1,service
724,725,3.3,20,1,service
725,726,3.1,20,1,service
726,727,77.8,20,1,service
727,716,14.5,20,1,service
83,728,13.2,40,1,tertiary
728,729,1.9,40,1,tertiary
729,730,10.5,40,1,tertiary
89,731,16.6,40,1,tertiary
731,732,6.6,40,1,tertiary
732,733,7.6,40,1,tertiary
733,65,13.9,40,1,tertiary
79,734,16.7,20,1,unclassified
734,735,5.5,20,1,unclassified
735,70,4.6,20,1,unclassified
64,736,12.4,20,1,unclassified
736,737,7.8,20,1,unclassified
737,75,13.7,20,1,unclassified
738,739,1.8,20,1,unclassified
739,740,4.3,20,1,unclassified
740,741,4.1,20,1,unclassified
741,742,4.1,20,1,unclassified
742,743,4.1,20,1,unclassified
743,744,4.1,20,1,unclassified
744,745,4.1,20,1,unclassified
745,746,3.7,20,1,unclassified
746,747,3.0,20,1,unclassified
747,748,5.3,20,1,unclassified
748,95,4.4,20,1,unclassified
95,749,3.9,20,1,unclassified
749,750,3.9,20,1,unclassified
750,751,3.9,20,1,unclassified
751,752,3.9,20,1,unclassified
752,753,3.9,20,1,unclassified
753,754,3.7,20,1,unclassified
754,738,6.2,20,1,unclassified
240,755,6.2,20,1,service
755,756,7.2,20,1,service
756,757,7.4,20,1,service
757,758,37.0,20,1,service
758,759,20.7,20,1,service
444,760,32.5,5,1,footway
760,761,27.0,5,1,footway
761,104,110.7,5,1,footway
762,763,19.7,20,1,service
763,764,37.0,20,1,service
764,765,14.0,20,1,service
765,246,8.0,20,1,service
766,767,16.2,40,1,tertiary
767,768,25.9,40,1,tertiary
768,769,19.4,40,1,tertiary
769,770,18.7,40,1,tertiary
770,771,10.6,40,1,tertiary
771,533,10.5,40,1,tertiary
533,772,5.3,40,1,tertiary
772,773,81.7,40,1,tertiary
773,774,200.2,40,1,tertiary
774,555,60.1,40,1,tertiary
555,775,76.8,40,1,tertiary
775,661,21.4,40,1,tertiary
661,776,34.6,40,1,tertiary
776,777,23.1,40,1,tertiary
777,778,23.0,40,1,tertiary
778,779,28.5,40,1,tertiary
779,780,31.8,40,1,tertiary
780,579,54.8,40,1,tertiary
579,590,111.9,40,1,tertiary
590,781,75.1,40,1,tertiary
781,578,92.5,40,1,tertiary
578,782,48.3,40,1,tertiary
783,784,129.5,30,1,residential
785,786,69.6,20,1,unclassified
786,787,34.9,20,1,unclassified
787,295,27.1,20,1,unclassified
295,249,70.7,20,1,unclassified
766,788,40.7,40,1,tertiary
788,111,39.3,40,1,tertiary
789,790,14.1,30,1,residential
790,791,53.5,30,1,residential
791,792,63.8,30,1,residential
792,793,29.6,30,1,residential
793,794,32.5,30,1,residential
794,795,4.4,30,1,residential
795,796,11.0,30,1,residential
796,797,54.2,30,1,residential
797,798,21.9,30,1,residential
798,799,7.3,30,1,residential
799,800,112.3,30,1,residential
800,801,22.5,30,1,residential
801,802,47.8,30,1,residential
802,803,117.7,30,1,residential
803,804,88.8,30,1,residential
804,805,2.6,30,1,residential
806,805,2.1,20,1,unclassified
805,807,3.1,20,1,unclassified
807,808,3.1,20,1,unclassified
808,783,3.1,20,1,unclassified
783,809,3.4,20,1,unclassified
809,810,3.4,20,1,unclassified
810,811,3.4,20,1,unclassified
811,812,3.4,20,1,unclassified
812,276,3.4,20,1,unclassified
276,813,2.3,20,1,unclassified
813,814,2.3,20,1,unclassified
814,112,2.3,20,1,unclassified
112,815,2.4,20,1,unclassified
815,816,2.4,20,1,unclassified
816,785,2.4,20,1,unclassified
785,817,2.6,20,1,unclassified
817,818,2.6,20,1,unclassified
818,819,2.6,20,1,unclassified
819,820,2.6,20,1,unclassified
820,821,2.6,20,1,unclassified
821,822,2.6,20,1,unclassified
822,823,2.6,20,1,unclassified
823,286,2.6,20,1,unclassified
286,824,2.1,20,1,unclassified
824,806,2.1,20,1,unclassified
255,304,69.9,20,1,unclassified
304,825,61.6,20,1,unclassified
825,745,69.8,20,1,unclassified
740,826,70.7,20,1,unclassified
826,305,61.6,20,1,unclassified
305,257,69.4,20,1,unclassified
827,828,30.9,20,1,unclassified
828,829,39.4,20,1,unclassified
829,830,25.9,20,1,unclassified
830,260,18.3,20,1,unclassified
94,831,154.4,40,1,tertiary
831,832,67.1,40,1,tertiary
832,833,69.0,40,1,tertiary
833,834,43.2,40,1,tertiary
834,835,40.3,40,1,tertiary
835,89,26.7,40,1,tertiary
836,837,26.7,20,1,unclassified
837,268,74.0,20,1,unclassified
264,838,15.0,20,1,unclassified
838,839,85.9,20,1,unclassified
90,840,25.6,20,1,unclassified
840,841,12.8,20,1,unclassified
841,99,17.8,20,1,unclassified
131,842,2.9,20,1,unclassified
842,314,2.9,20,1,unclassified
314,843,3.8,20,1,unclassified
843,844,3.8,20,1,unclassified
844,845,3.8,20,1,unclassified
845,846,3.8,20,1,unclassified
846,98,3.8,20,1,unclassified
98,847,2.6,20,1,unclassified
847,848,2.6,20,1,unclassified
848,849,2.6,20,1,unclassified
849,850,3.0,20,1,unclassified
850,851,3.0,20,1,unclassified
851,836,3.0,20,1,unclassified
836,852,3.5,20,1,unclassified
852,853,3.5,20,1,unclassified
853,854,3.5,20,1,unclassified
854,855,3.5,20,1,unclassified
855,856,3.5,20,1,unclassified
856,839,3.5,20,1,unclassified
839,857,3.1,20,1,unclassified
857,131,3.1,20,1,unclassified
318,858,52.5,30,1,residential
858,404,77.8,30,1,residential
404,859,86.4,30,1,residential
859,860,10.4,30,1,residential
860,861,15.7,30,1,residential
861,862,37.0,30,1,residential
862,863,25.8,30,1,residential
863,864,25.3,30,1,residential
864,865,31.1,30,1,residential
865,866,24.0,30,1,residential
866,867,17.6,30,1,residential
867,868,21.2,30,1,residential
868,869,23.9,30,1,residential
869,870,22.1,30,1,residential
870,288,21.1,30,1,residential
288,871,89.2,30,1,residential
871,849,35.0,30,1,residential
127,872,23.7,40,1,tertiary
872,766,12.1,40,1,tertiary
873,874,6.6,20,1,service
874,875,4.3,20,1,service
875,876,4.1,20,1,service
876,877,2.8,20,1,service
877,878,4.2,20,1,service
878,879,5.1,20,1,service
879,880,4.7,20,1,service
880,881,3.9,20,1,service
882,883,9.4,20,1,service
883,884,9.6,20,1,service
884,885,12.4,20,1,service
886,887,48.6,20,1,service
887,888,21.5,20,1,service
888,889,15.1,20,1,service
889,890,11.0,20,1,service
890,891,54.5,20,1,service
891,892,14.3,20,1,service
892,893,12.2,20,1,service
893,894,32.7,20,1,service
894,895,30.2,20,1,service
631,896,20.8,20,1,service
896,897,15.3,20,1,service
898,899,9.2,20,1,service
899,626,30.0,20,1,service
626,900,35.9,20,1,service
901,614,41.2,20,1,service
902,903,14.2,20,1,service
903,612,37.5,20,1,service
904,616,53.3,20,1,service
905,906,9.7,20,1,service
906,617,33.6,20,1,service
623,907,36.3,20,1,service
78,908,7.1,40,1,tertiary
908,909,7.1,40,1,tertiary
909,730,7.3,40,1,tertiary
730,910,10.6,40,1,tertiary
910,86,9.6,40,1,tertiary
86,911,14.4,40,1,tertiary
911,912,13.3,40,1,tertiary
912,65,13.6,40,1,tertiary
913,914,13.9,20,1,service
914,915,12.8,20,1,service
915,916,30.6,20,1,service
916,917,31.5,20,1,service
917,918,14.6,20,1,service
918,18,42.8,20,1,service
317,919,43.9,20,1,service
919,920,45.0,20,1,service
921,922,9.5,20,1,service
922,319,31.0,20,1,service
825,923,41.3,5,1,footway
923,924,9.2,5,1,footway
924,925,9.6,5,1,footway
925,926,7.0,5,1,footway
926,927,6.6,5,1,footway
927,928,6.8,5,1,footway
928,929,151.4,5,1,footway
930,858,42.0,5,1,footway
929,930,7.3,5,1,footway
278,931,42.5,5,1,footway
931,932,85.3,5,1,footway
923,933,8.9,5,1,footway
933,934,6.8,5,1,footway
934,932,5.8,5,1,footway
932,935,5.0,5,1,footway
935,936,7.8,5,1,footway
936,928,4.8,5,1,footway
826,825,17.0,5,1,footway
937,395,206.9,5,1,footway
938,939,5.8,5,1,footway
939,937,5.3,5,1,footway
937,940,7.4,5,1,footway
940,941,6.0,5,1,footway
113,942,11.1,5,1,footway
942,943,6.4,5,1,footway
943,944,13.3,5,1,footway
944,945,13.4,5,1,footway
945,115,15.7,5,1,footway
277,941,138.5,5,1,footway
941,946,5.0,5,1,footway
946,947,7.0,5,1,footway
947,948,5.8,5,1,footway
948,938,5.1,5,1,footway
949,950,10.6,30,1,residential
950,951,6.7,30,1,residential
951,952,6.1,30,1,residential
952,953,5.3,30,1,residential
953,231,35.5,30,1,residential
954,955,1.9,30,1,residential
955,956,1.9,30,1,residential
956,957,1.9,30,1,residential
957,958,1.9,30,1,residential
958,959,1.9,30,1,residential
959,960,1.9,30,1,residential
960,961,1.9,30,1,residential
961,949,1.9,30,1,residential
949,962,1.9,30,1,residential
962,963,1.9,30,1,residential
963,964,1.9,30,1,residential
964,965,1.9,30,1,residential
965,966,3.7,30,1,residential
966,967,1.9,30,1,residential
967,954,1.9,30,1,residential
968,969,15.3,30,1,residential
969,970,2.6,30,1,residential
970,971,3.1,30,1,residential
971,972,3.8,30,1,residential
972,229,39.0,30,1,residential
973,974,31.0,5,1,path
974,975,4.7,5,1,path
975,976,4.7,5,1,path
976,977,3.0,5,1,path
405,978,31.1,5,1,footway
978,979,70.4,5,1,footway
979,980,32.8,5,1,footway
980,981,10.4,5,1,footway
981,861,28.4,5,1,footway
982,983,13.1,5,1,footway
983,984,67.2,5,1,footway
984,985,57.1,5,1,footway
985,986,24.4,20,1,service
986,220,16.7,20,1,service
868,987,95.9,5,1,footway
987,220,32.1,5,1,footway
988,989,48.4,20,1,service
990,991,12.5,20,1,service
991,992,67.2,20,1,service
988,993,2.9,20,1,service
993,994,2.9,20,1,service
994,995,2.9,20,1,service
995,996,2.9,20,1,service
996,997,2.9,20,1,service
997,998,2.9,20,1,service
998,999,2.9,20,1,service
999,990,2.9,20,1,service
990,1000,2.9,20,1,service
1000,1001,2.9,20,1,service
1001,1002,2.9,20,1,service
1002,1003,2.9,20,1,service
1003,1004,2.9,20,1,service
1004,1005,2.9,20,1,service
1005,1006,2.9,20,1,service
1006,1007,2.9,20,1,service
1007,1008,2.9,20,1,service
1008,988,2.9,20,1,service
108,997,76.2,20,1,service
274,1009,4.6,5,1,footway
1010,1011,71.3,5,1,footway
1011,804,65.4,5,1,footway
804,1012,35.4,5,1,footway
1012,1013,39.0,5,1,footway
1013,1014,35.7,5,1,footway
1014,298,26.3,5,1,footway
298,1015,60.3,5,1,footway
1015,765,11.6,5,1,footway
765,1016,12.1,5,1,footway
1016,1017,5.3,5,1,footway
1017,1018,3.5,5,1,footway
1018,1019,6.3,5,1,footway
1019,1020,7.3,5,1,footway
1020,755,9.4,5,1,footway
755,1021,9.9,5,1,footway
1021,306,59.9,5,1,footway
306,1022,61.4,5,1,footway
1022,1023,67.6,5,1,footway
1023,1024,9.2,5,1,footway
1024,1025,28.2,5,1,footway
1025,166,108.9,5,1,footway
166,132,139.2,5,1,footway
132,1026,105.9,5,1,footway
1026,581,17.7,5,1,footway
1027,1019,8.1,5,1,footway
1028,1017,7.8,5,1,footway
764,1028,15.8,5,1,footway
1028,1027,10.0,5,1,footway
1027,757,16.4,5,1,footway
307,1029,24.0,5,1,footway
308,1030,20.9,20,1,service
1030,1031,2.6,20,1,service
1031,1032,2.0,20,1,service
1032,1029,13.9,20,1,service
1033,831,40.6,5,1,path
1034,1035,47.2,30,1,residential
1035,1036,10.1,30,1,residential
1036,1037,23.4,30,1,residential
1037,1038,9.2,30,1,residential
1038,1039,22.0,30,1,residential
1039,1040,31.7,30,1,residential
1041,1042,14.1,30,1,residential
1042,1043,19.5,30,1,residential
1043,1044,17.4,30,1,residential
1009,1045,10.0,5,1,footway
1045,1046,21.4,5,1,footway
505,1047,7.3,20,1,service
1047,1048,4.9,20,1,service
1048,1049,6.5,20,1,service
1049,1050,34.1,20,1,service
1050,1051,10.4,20,1,service
1051,1052,8.9,20,1,service
1053,1054,11.2,20,1,service
1054,1055,11.5,20,1,service
1055,1056,21.2,20,1,service
1056,1057,17.5,20,1,service
1057,1058,12.9,20,1,service
1058,1059,11.1,20,1,service
1059,1060,22.5,20,1,service
1060,1061,22.9,20,1,service
1061,1062,23.5,20,1,service
1062,1063,31.5,20,1,service
1063,1064,22.9,20,1,service
1064,1065,15.2,20,1,service
1065,1066,35.3,20,1,service
1066,1067,46.8,20,1,service
1067,698,48.2,20,1,service
698,1068,13.8,20,1,service
1068,1069,19.2,20,1,service
1069,1070,42.8,20,1,service
1070,1071,39.6,20,1,service
1071,1072,15.5,20,1,service
1072,1073,22.8,20,1,service
1073,1074,22.9,20,1,service
1074,1075,28.2,20,1,service
1075,423,26.5,20,1,service
290,1076,40.4,20,1,service
1076,1077,0.7,20,1,service
1077,1078,1.2,20,1,service
1078,1079,15.0,20,1,service
1079,1080,1.2,20,1,service
1080,1081,1.0,20,1,service
1081,289,40.4,20,1,service
292,1082,14.0,20,1,service
293,1083,10.6,20,1,service
1083,1084,2.0,20,1,service
1084,1085,1.9,20,1,service
1085,1082,18.7,20,1,service
1082,1086,45.6,20,1,service
1087,1088,1.2,20,1,service
1088,1089,21.4,20,1,service
1089,1090,0.8,20,1,service
1090,1091,1.0,20,1,service
1091,1092,10.8,20,1,service
291,1086,15.9,20,1,service
1086,1092,19.1,20,1,service
1092,1093,23.1,20,1,service
1093,1094,1.1,20,1,service
1094,1095,1.4,20,1,service
1095,1096,8.4,20,1,service
1096,1087,1.0,20,1,service
1097,1098,47.8,20,1,service
1098,1099,1.1,20,1,service
1099,1100,1.4,20,1,service
1100,1101,24.3,20,1,service
1101,1102,1.5,20,1,service
1102,1103,1.0,20,1,service
1103,1104,47.4,20,1,service
919,1104,19.5,20,1,service
1104,1097,27.0,20,1,service
1105,1106,48.1,20,1,service
1106,1107,2.5,20,1,service
1107,1108,1.8,20,1,service
1108,333,6.7,20,1,service
280,1109,14.5,20,1,service
1109,1110,3.5,20,1,service
1110,1111,12.8,20,1,service
1111,1112,2.1,20,1,service
1112,1113,1.8,20,1,service
1113,337,30.8,20,1,service
835,1114,16.1,5,1,path
1114,1115,28.0,5,1,path
1115,1116,24.2,5,1,path
1116,1117,10.7,5,1,path
1117,1118,25.2,5,1,path
1118,1119,26.1,5,1,path
1119,1120,6.9,5,1,path
1120,1121,56.8,5,1,path
1121,1122,17.3,5,1,path
1122,1123,12.5,5,1,path
1123,1124,14.4,5,1,path
1124,1125,17.2,5,1,path
1125,1126,36.2,5,1,path
1126,1127,17.4,5,1,path
1127,1128,33.8,5,1,path
230,1129,18.3,5,1,path
1129,1130,24.8,5,1,path
1130,1131,30.6,5,1,path
1132,1133,12.5,20,1,service
1133,1134,1.0,20,1,service
1134,1135,0.9,20,1,service
1135,1136,14.7,20,1,service
1137,1138,41.9,5,1,footway
1138,1139,15.1,5,1,footway
1139,1140,17.7,5,1,footway
1140,761,22.0,5,1,footway
1141,1142,12.4,20,1,service
1143,1144,16.3,20,1,service
1144,1142,3.1,20,1,service
1142,339,16.9,20,1,service
281,1143,25.0,20,1,service
1143,1145,11.3,20,1,service
1145,1146,0.7,20,1,service
1146,1147,0.8,20,1,service
1147,1141,17.9,20,1,service
1141,338,17.3,20,1,service
1148,1149,3.1,20,1,service
1149,1150,3.1,20,1,service
1150,1151,3.1,20,1,service
1151,1152,3.1,20,1,service
1152,1153,3.1,20,1,service
1153,1154,3.1,20,1,service
1154,1155,3.1,20,1,service
1155,1156,3.1,20,1,service
1156,992,3.1,20,1,service
992,1157,3.1,20,1,service
1157,1158,3.1,20,1,service
1158,1159,3.1,20,1,service
1159,1160,3.1,20,1,service
1160,1161,3.1,20,1,service
1161,1162,3.1,20,1,service
1162,1163,3.1,20,1,service
1163,1164,3.1,20,1,service
1164,1148,3.1,20,1,service
93,1165,31.5,20,1,service
1165,1166,34.9,20,1,service
1166,1167,80.2,20,1,service
833,1168,14.6,20,1,service
1168,1169,13.1,20,1,service
1169,1170,29.5,20,1,service
1170,1171,33.1,20,1,service
1171,1172,26.8,20,1,service
1172,1173,18.0,20,1,service
1173,1174,33.3,20,1,service
1174,1175,43.2,20,1,service
1175,1176,12.3,20,1,service
1176,1177,12.7,20,1,service
1177,1178,55.8,20,1,service
1178,1179,17.8,20,1,service
1179,1180,40.6,20,1,service
1180,1181,33.4,20,1,service
1182,973,28.4,5,1,path
1183,1184,22.3,5,1,path
1184,1185,14.5,5,1,path
1185,1186,13.2,5,1,path
1186,1131,7.2,5,1,path
1131,1187,8.4,5,1,path
1187,1188,23.9,5,1,path
1188,1189,28.2,5,1,path
1189,1190,25.3,5,1,path
1190,1191,39.1,5,1,path
1191,1192,16.8,5,1,path
1192,1193,26.0,5,1,path
1193,1194,9.8,5,1,path
1194,1195,10.7,5,1,path
1195,1196,6.7,5,1,path
1196,1197,14.9,5,1,path
1197,1198,5.2,5,1,path
1198,1199,8.8,5,1,path
1199,1200,6.8,5,1,path
1200,1201,15.3,5,1,path
1183,1202,70.1,5,1,path
1202,1203,21.1,5,1,path
1203,1204,21.6,5,1,path
1204,1205,22.0,5,1,path
1205,1206,8.0,5,1,path
1206,1182,12.6,5,1,path
1207,1136,23.3,20,1,service
1136,187,30.4,20,1,service
194,1208,7.8,20,1,service
1208,1209,1.1,20,1,service
1209,1210,4.7,20,1,service
1210,1211,2.3,20,1,service
1211,1212,3.3,20,1,service
1212,1213,2.0,20,1,service
1213,1214,6.7,20,1,service
1214,1215,1.3,20,1,service
1215,1216,1.2,20,1,service
1216,1217,16.9,20,1,service
1217,1218,1.8,20,1,service
1218,1132,1.5,20,1,service
196,1219,5.9,20,1,service
1219,226,17.4,20,1,service
225,1220,16.6,20,1,service
1220,198,4.7,20,1,service
198,1221,25.2,20,1,service
1221,1207,23.4,20,1,service
1222,1207,46.0,20,1,service
1223,1224,1.9,30,1,residential
1224,1225,1.9,30,1,residential
1225,1226,1.9,30,1,residential
1226,1227,1.9,30,1,residential
1227,1228,1.9,30,1,residential
1228,968,1.9,30,1,residential
968,1229,1.9,30,1,residential
1229,1230,1.9,30,1,residential
1230,1231,1.9,30,1,residential
1231,1232,1.9,30,1,residential
1232,1233,1.9,30,1,residential
1233,1223,1.9,30,1,residential
403,1234,20.2,30,1,residential
1234,1235,25.9,30,1,residential
1235,275,15.4,30,1,residential
275,784,18.6,30,1,residential
784,1010,4.5,30,1,residential
1010,1236,17.1,30,1,residential
1236,1237,44.9,30,1,residential
33,886,39.9,30,1,residential
886,403,45.2,30,1,residential
62,1238,12.4,30,1,residential
1238,1239,9.4,30,1,residential
1239,1240,10.0,30,1,residential
1240,1241,21.1,30,1,residential
1241,1242,26.3,30,1,residential
1242,1243,27.3,30,1,residential
1243,1244,27.7,30,1,residential
1244,1245,53.0,30,1,residential
1245,1246,15.1,30,1,residential
1246,1247,72.2,30,1,residential
1247,1248,12.0,30,1,residential
1248,1249,67.2,30,1,residential
1249,1250,4.8,30,1,residential
1250,1251,14.7,30,1,residential
1251,1252,70.8,30,1,residential
1252,1253,3.6,30,1,residential
1253,1254,63.4,30,1,residential
1254,882,82.6,30,1,residential
882,1255,18.5,30,1,residential
1255,873,74.9,30,1,residential
873,1256,10.1,30,1,residential
1256,1257,24.2,30,1,residential
1257,1258,16.4,30,1,residential
1258,1259,10.0,30,1,residential
1259,1260,10.2,30,1,residential
1260,1261,10.9,30,1,residential
1261,1262,10.8,30,1,residential
1262,1263,11.8,30,1,residential
1263,1264,5.2,30,1,residential
1264,1265,8.0,30,1,residential
1265,34,34.4,30,1,residential
772,1266,73.0,30,1,residential
1266,1267,21.0,30,1,residential
1267,1268,10.6,30,1,residential
1268,1269,17.6,30,1,residential
1269,1040,109.8,30,1,residential
1040,1041,14.3,30,1,residential
1041,1270,17.9,30,1,residential
1270,1271,15.3,30,1,residential
1271,1272,12.8,30,1,residential
1272,1273,13.4,30,1,residential
1273,1274,17.9,30,1,residential
1274,1275,19.3,30,1,residential
1275,34,18.2,30,1,residential
738,1024,3.2,30,1,residential
1024,1276,94.9,30,1,residential
1276,1277,45.6,30,1,residential
1277,1278,51.9,30,1,residential
1278,1279,85.1,30,1,residential
1280,169,131.4,20,1,service
103,1281,26.9,20,1,unclassified
1281,1282,26.6,20,1,unclassified
1282,1283,11.5,20,1,unclassified
1283,1284,3.2,20,1,unclassified
1284,1285,17.5,20,1,unclassified
1285,1286,48.8,20,1,unclassified
1286,1287,4.4,20,1,unclassified
1287,1288,3.9,20,1,unclassified
1288,1289,4.5,20,1,unclassified
1289,1290,16.5,20,1,unclassified
1290,1053,46.3,20,1,unclassified
1053,1291,114.8,20,1,unclassified
1291,1292,37.9,20,1,unclassified
1292,1293,45.7,20,1,unclassified
1293,1294,16.5,20,1,unclassified
1294,80,75.4,20,1,unclassified
80,1295,6.0,30,1,residential
1295,691,101.5,30,1,residential
417,1296,176.5,20,1,service
170,1297,23.3,5,1,path
1297,1298,10.5,5,1,path
1298,1299,133.1,5,1,path
1299,1300,127.9,5,1,path
1300,1301,8.5,5,1,path
1301,76,41.7,5,1,path
362,1302,14.8,30,1,residential
1302,1303,30.6,30,1,residential
1303,1304,26.3,30,1,residential
1304,485,8.6,30,1,residential
680,1305,57.4,30,1,residential
1305,1306,2.6,30,1,residential
1306,1307,2.9,30,1,residential
1307,1308,4.8,30,1,residential
1269,1309,64.3,30,1,residential
1309,1310,25.0,30,1,residential
1310,1311,76.4,30,1,residential
1311,1312,20.0,30,1,residential
1312,1313,19.5,30,1,residential
1313,548,9.6,30,1,residential
548,1314,13.6,20,1,service
1314,1315,20.7,20,1,service
1315,1316,18.3,20,1,service
1316,1317,9.9,20,1,service
1317,1318,11.8,20,1,service
1319,1320,17.3,20,1,service
1320,1321,10.1,20,1,service
1321,1322,11.1,20,1,service
1322,1323,15.8,20,1,service
1323,1310,17.1,20,1,service
1324,1325,7.5,20,1,service
1325,1326,10.1,20,1,service
1326,47,18.7,20,1,service
1327,1328,18.1,30,1,residential
1328,1329,3.5,30,1,residential
1329,1330,3.9,30,1,residential
1330,1331,23.3,30,1,residential
1331,865,21.5,30,1,residential
760,1332,26.4,5,1,path
1332,1333,12.4,5,1,path
1333,1334,26.1,5,1,path
1334,1335,32.5,5,1,path
1335,1336,28.7,5,1,path
1336,1337,16.9,5,1,path
1337,449,24.0,5,1,path
692,1338,29.8,5,1,footway
1338,1339,18.5,5,1,footway
1339,1340,24.0,5,1,footway
1340,1341,5.1,5,1,footway
1341,1342,14.8,5,1,footway
1342,1343,28.4,5,1,footway
1343,1344,16.2,5,1,footway
692,1345,42.6,5,1,footway
1345,1346,33.1,5,1,footway
1346,1347,13.6,5,1,footway
1347,1348,42.5,5,1,footway
1348,1349,29.8,5,1,footway
1349,1350,12.7,5,1,footway
1283,1351,14.8,20,1,service
1351,1352,30.1,20,1,service
210,1353,37.8,5,1,footway
1353,1354,16.3,5,1,footway
1354,1355,23.7,5,1,footway
1355,1356,24.4,5,1,footway
1356,922,13.3,5,1,footway
922,1357,16.3,5,1,footway
1357,1358,19.8,5,1,footway
1358,1359,41.5,5,1,footway
1359,1360,18.7,5,1,footway
1360,1361,13.7,5,1,footway
1361,1362,11.9,5,1,footway
1362,1363,11.9,5,1,footway
1363,1364,13.3,5,1,footway
1364,1365,10.0,5,1,footway
1365,281,10.1,5,1,footway
1294,1366,76.4,20,1,service
952,1367,12.8,5,1,path
1367,1368,26.6,5,1,path
1368,1369,21.2,5,1,path
1369,1370,22.9,5,1,path
1370,1371,23.7,5,1,path
1371,981,27.6,5,1,path
859,980,30.0,20,1,service
980,1372,53.8,20,1,service
860,1373,62.0,5,1,path
1373,1374,42.7,5,1,path
1374,1375,40.9,5,1,path
1375,868,54.6,5,1,path
48,1376,38.4,20,1,service
1376,1377,12.7,20,1,service
114,1378,13.6,20,1,service
1378,1379,9.7,20,1,service
1379,1380,9.4,20,1,service
1380,1381,7.5,20,1,service
204,1382,11.6,5,1,footway
1382,1383,14.2,5,1,footway
1383,1384,9.9,5,1,footway
1384,1385,10.5,5,1,footway
1385,1386,14.5,5,1,footway
1386,1387,10.6,5,1,footway
1387,1388,21.9,5,1,footway
1388,1389,11.8,5,1,footway
1389,1390,5.5,5,1,footway
1390,1391,9.3,5,1,footway
1391,329,15.1,5,1,footway
658,1392,10.5,20,1,service
1392,1393,12.8,20,1,service
1393,1394,9.5,20,1,service
634,1395,14.3,20,1,service
1395,1396,19.8,20,1,service
1396,1397,5.3,20,1,service
1397,1398,8.3,20,1,service
667,1399,7.5,20,1,service
1399,1400,17.5,20,1,service
1400,1401,17.5,20,1,service
1401,1402,5.4,20,1,service
1071,1403,14.3,5,1,path
1403,1404,17.7,5,1,path
1404,1405,13.3,5,1,path
1405,1406,15.3,5,1,path
1406,1407,14.3,5,1,path
1407,694,15.7,5,1,path
47,1408,5.5,20,1,service
1408,1409,3.6,20,1,service
1409,1410,3.8,20,1,service
1410,1411,5.1,20,1,service
1411,1412,2.9,20,1,service
1412,1413,4.9,20,1,service
1413,1414,2.9,20,1,service
46,1415,3.9,20,1,service
1415,1416,3.6,20,1,service
1416,1417,5.3,20,1,service
1417,1418,5.7,20,1,service
1418,1419,5.9,20,1,service
1419,1420,3.9,20,1,service
44,1421,5.1,20,1,service
1421,1422,3.1,20,1,service
1422,1423,6.2,20,1,service
1423,1424,4.3,20,1,service
1424,1425,5.1,20,1,service
1425,1426,5.1,20,1,service
381,1427,10.8,20,1,service
1427,1428,14.8,20,1,service
1428,1429,7.7,20,1,service
1429,1430,11.5,20,1,service
1430,1431,4.3,20,1,service
369,1432,7.7,20,1,service
1432,1433,12.5,20,1,service
1433,1434,5.8,20,1,service
1434,1435,7.2,20,1,service
371,1436,15.2,20,1,service
1436,1437,8.6,20,1,service
1437,1438,14.0,20,1,service
384,1439,10.2,30,1,residential
1439,1440,12.1,30,1,residential
1440,1441,9.0,30,1,residential
1441,1442,8.9,30,1,residential
1442,1443,12.5,30,1,residential
35,1444,6.3,20,1,service
1444,1445,8.9,20,1,service
1445,1446,14.1,20,1,service
1446,1447,9.3,20,1,service
1264,1448,8.1,20,1,service
1448,1449,7.5,20,1,service
1449,1450,6.3,20,1,service
1450,1451,9.8,20,1,service
1274,1452,10.1,20,1,service
1452,1453,5.4,20,1,service
1453,1454,7.7,20,1,service
1454,1455,7.4,20,1,service
1304,1456,12.6,20,1,service
1456,1457,10.0,20,1,service
488,1458,11.0,20,1,service
1458,1459,6.4,20,1,service
1459,1460,8.4,20,1,service
492,1461,16.0,20,1,service
1461,1462,9.4,20,1,service
1462,1463,7.5,20,1,service
443,1464,21.2,20,1,service
1464,1465,11.1,20,1,service
1465,1466,4.0,20,1,service
1466,1467,3.5,20,1,service
1467,1468,17.5,20,1,service
1468,1469,47.5,20,1,service
1469,1470,5.9,20,1,service
1470,1471,7.9,20,1,service
1471,1472,7.2,20,1,service
1472,1473,3.4,20,1,service
1473,1474,3.4,20,1,service
1474,1475,7.9,20,1,service
1475,442,17.3,20,1,service
447,1476,29.2,5,1,path
1476,1477,27.9,5,1,path
1477,1478,10.9,5,1,path
1478,1479,12.0,5,1,path
1479,1480,4.9,5,1,path
1480,1481,18.3,5,1,path
1481,1482,24.9,5,1,path
572,1483,16.7,5,1,path
1483,1484,13.0,5,1,path
1484,1485,18.6,5,1,path
1485,1486,23.1,5,1,path
1486,1487,5.3,5,1,path
781,1488,15.9,5,1,path
1488,1489,16.0,5,1,path
1489,1490,8.5,5,1,path
1490,1491,11.5,5,1,path
1311,1492,15.0,20,1,service
1492,1493,16.2,20,1,service
1493,1494,12.6,20,1,service
1494,1495,14.1,20,1,service
1495,1496,17.0,20,1,service
516,1497,16.5,5,1,path
1497,1498,17.6,5,1,path
1498,1499,7.8,5,1,path
515,1500,11.6,5,1,path
1500,1501,21.2,5,1,path
1501,1502,9.3,5,1,path
1503,1504,14.4,20,1,service
1504,1505,10.2,20,1,service
1505,524,7.1,20,1,service
1506,1507,17.0,20,1,service
1507,1508,14.6,20,1,service
1508,491,15.7,20,1,service
1509,1510,9.6,20,1,service
1510,1511,11.9,20,1,service
1511,484,26.7,20,1,service
1512,1513,11.5,20,1,service
1513,1514,18.3,20,1,service
1514,361,8.5,20,1,service
732,1515,18.5,5,1,path
1515,1516,23.9,5,1,path
1516,1517,17.0,5,1,path
1517,1518,37.4,5,1,path
1518,1519,12.5,5,1,path
1519,1294,19.2,5,1,path
1520,1521,24.7,20,1,service
1521,654,23.6,20,1,service
1522,1523,8.4,20,1,service
1523,1524,20.8,20,1,service
1524,655,24.2,20,1,service
1525,1526,22.7,20,1,service
1526,1527,15.0,20,1,service
1527,1528,15.2,20,1,service
1528,652,23.2,20,1,service
601,1529,7.5,20,1,service
1529,1530,9.1,20,1,service
1531,1532,11.3,20,1,service
1532,1533,9.5,20,1,service
1533,1534,10.7,20,1,service
1534,1535,10.1,20,1,service
1535,1536,14.9,20,1,service
1536,1537,18.4,20,1,service
1537,1538,13.7,20,1,service
1538,602,13.9,20,1,service
1539,1540,8.1,20,1,service
1540,1541,30.2,20,1,service
1541,1250,9.4,20,1,service
1542,1543,11.2,20,1,service
1543,1544,8.5,20,1,service
1544,1545,11.5,20,1,service
1545,1247,20.0,20,1,service
1546,1547,5.6,20,1,service
1547,1252,39.7,20,1,service
1548,1549,7.3,20,1,service
1549,1245,37.3,20,1,service
1550,1551,12.5,20,1,service
1551,1552,10.5,20,1,service
1552,1255,14.6,20,1,service
1553,1554,13.2,20,1,service
1554,1555,11.0,20,1,service
1555,527,23.5,20,1,service
1556,1557,13.7,20,1,service
1557,1558,32.6,20,1,service
1558,519,17.7,20,1,service
1559,531,21.6,20,1,service
1560,1561,9.2,20,1,service
1561,1562,22.6,20,1,service
1562,573,17.0,20,1,service
462,1563,8.6,30,1,residential
1563,1564,11.8,30,1,residential
1564,1565,14.5,30,1,residential
1565,1566,23.6,30,1,residential
1566,1567,45.4,30,1,residential
1564,1568,8.1,20,1,service
1568,1569,9.6,20,1,service
1569,1570,6.6,20,1,service
1570,1571,4.4,20,1,service
1571,1572,9.3,20,1,service
1572,1573,11.9,20,1,service
1573,464,11.6,20,1,service
1571,1574,5.9,5,1,footway
1574,1575,8.3,5,1,footway
1575,1576,14.3,5,1,footway
1576,1577,16.5,5,1,footway
1577,1578,11.7,5,1,footway
1578,1579,5.5,5,1,footway
1579,1580,2.8,5,1,footway
1580,1581,7.2,5,1,footway
1581,1582,7.3,5,1,footway
1582,1583,6.0,5,1,footway
1583,1584,3.9,5,1,footway
1584,1585,4.0,5,1,footway
461,1586,21.4,20,1,service
1586,1587,24.9,20,1,service
472,1588,7.3,20,1,service
1588,1589,4.6,20,1,service
887,1590,28.1,20,1,service
1590,1591,4.5,20,1,service
1165,1592,13.8,5,1,footway
1592,1593,14.3,5,1,footway
1593,1594,12.1,5,1,footway
1594,1595,12.8,5,1,footway
1595,1596,17.1,5,1,footway
1596,977,5.4,5,1,footway
977,1597,5.6,30,1,residential
1597,1598,7.2,30,1,residential
1598,1599,6.1,30,1,residential
1599,1600,9.5,30,1,residential
234,1601,6.8,30,1,residential
1601,1602,6.8,30,1,residential
1602,1603,6.0,30,1,residential
1284,1604,67.5,20,1,service
1604,1605,65.2,20,1,service
1605,1286,73.2,20,1,service
1606,1607,5.7,20,1,service
1607,1608,17.8,20,1,service
1608,1254,13.5,20,1,service
1043,1609,21.5,20,1,service
1609,1610,6.0,20,1,service
1610,1042,24.8,20,1,service
1611,1612,38.5,20,1,service
1612,1161,28.1,20,1,service
1613,523,62.4,20,1,service
101,1614,28.7,20,1,service
1614,1615,8.5,20,1,service
1615,1616,21.9,20,1,service
1616,1617,16.7,20,1,service
1618,1619,48.3,20,1,service
1618,1620,35.4,5,1,footway
1620,1621,29.0,5,1,footway
1621,1054,7.7,5,1,footway
1350,1622,47.8,20,1,service
1622,1618,21.5,20,1,service
1291,1623,16.5,20,1,service
1623,1619,15.2,20,1,service
1619,1350,22.8,20,1,service
1624,1625,31.4,20,1,service
1626,1624,10.6,20,1,service
1282,1626,65.9,20,1,service
1626,1604,14.7,20,1,service
1627,1482,9.3,20,1,service
1482,1628,19.2,20,1,service
1628,1629,35.3,20,1,service
106,1628,24.3,20,1,service
30,1630,11.3,20,1,service
1630,1631,12.2,20,1,service
1631,1632,9.5,20,1,service
1632,1633,4.7,20,1,service
28,1634,9.4,20,1,service
1634,1635,6.6,20,1,service
1635,1636,6.4,20,1,service
1636,1637,7.2,20,1,service
25,1638,20.5,20,1,service
1638,1639,6.8,20,1,service
1639,1640,7.8,20,1,service
1640,1641,11.9,20,1,service
1641,1642,11.9,20,1,service
1642,1643,15.3,20,1,service
1643,1644,6.5,20,1,service
1644,1645,8.3,20,1,service
482,1646,10.5,20,1,service
1646,1647,11.0,20,1,service
37,1648,12.1,20,1,service
1648,1649,8.4,20,1,service
1649,1650,9.8,20,1,service
1650,1651,7.1,20,1,service
39,1652,9.0,20,1,service
1652,1653,10.2,20,1,service
1653,1654,9.3,20,1,service
42,1655,8.1,20,1,service
1655,1656,7.4,20,1,service
1656,1657,8.6,20,1,service
1251,1658,9.9,20,1,service
1658,1659,10.4,20,1,service
1659,1660,9.1,20,1,service
40,1661,10.2,20,1,service
1661,1662,13.5,20,1,service
480,1663,9.1,20,1,service
1663,1664,11.4,20,1,service
1664,1665,11.6,20,1,service
368,1666,13.5,20,1,service
1666,1667,13.6,20,1,service
1667,1668,13.4,20,1,service
1668,1669,15.5,20,1,service
1669,1670,5.6,20,1,service
352,1671,8.7,20,1,service
1671,1672,8.7,20,1,service
1672,1673,7.7,20,1,service
1673,1674,11.7,20,1,service
1374,1327,7.0,5,1,path
1675,832,81.4,20,1,service
227,1676,13.9,20,1,service
1676,1677,8.4,20,1,service
1677,1678,9.7,20,1,service
1678,1679,79.7,20,1,service
1679,1680,9.6,20,1,service
1680,987,18.5,20,1,service
987,1681,29.0,20,1,service
1681,1682,19.7,20,1,service
1682,287,10.4,20,1,service
411,1683,6.6,5,1,path
1683,1684,3.2,5,1,path
1684,1685,3.5,5,1,path
1685,1686,11.8,5,1,path
1686,1687,13.1,5,1,path
1687,1688,5.8,5,1,path
1688,1689,6.4,5,1,path
1689,1690,14.7,5,1,path
1690,1691,40.4,5,1,path
1691,1692,12.2,5,1,path
1692,70,6.1,5,1,path
1280,1693,37.6,20,1,service
1693,1694,21.9,20,1,service
1694,414,61.3,20,1,service
1075,1340,99.6,5,1,path
977,409,85.1,30,1,residential
426,1695,3.3,5,1,footway
1695,1696,91.1,5,1,footway
1696,1697,33.4,5,1,footway
1697,1698,34.1,5,1,footway
1698,1699,29.3,5,1,footway
1699,1700,16.4,5,1,footway
1700,1701,24.8,5,1,footway
1701,1702,37.8,5,1,footway
1702,1703,40.1,5,1,footway
1703,1704,27.3,5,1,footway
1704,699,20.5,5,1,footway
422,1705,14.1,20,1,service
1705,1706,12.6,20,1,service
1706,1344,9.9,20,1,service
1344,1707,63.3,20,1,service
1707,1708,8.4,20,1,service
1708,1709,7.0,20,1,service
1709,1710,7.5,20,1,service
1710,419,18.8,20,1,service
1293,1711,69.7,20,1,service
1166,1712,96.1,20,1,service
1712,1713,84.5,20,1,service
1713,1168,101.9,20,1,service
747,1714,83.1,20,1,unclassified
1714,294,41.5,20,1,unclassified
294,404,138.6,20,1,unclassified
315,753,102.7,20,1,unclassified
1715,1716,15.3,20,1,service
23,1717,10.4,20,1,service
1717,1718,13.9,20,1,service
1718,1719,10.5,20,1,service
1719,1720,14.9,20,1,service
1720,1721,10.0,20,1,service
1721,1722,17.6,20,1,service
1722,1715,7.6,20,1,service
1715,1723,8.2,20,1,service
1723,1724,22.6,20,1,service
1724,1725,6.7,20,1,service
1725,1726,8.6,20,1,service
1726,1727,11.0,20,1,service
1727,1728,36.2,20,1,service
1729,216,12.9,20,1,service
1729,1730,4.2,20,1,service
1730,1731,2.4,20,1,service
1731,287,41.1,20,1,service
1732,1729,19.5,20,1,service
215,1733,38.2,20,1,service
871,1734,28.4,30,1,residential
1734,1735,3.4,30,1,residential
1735,1736,3.5,30,1,residential
1736,837,32.7,30,1,residential
192,1737,6.3,20,1,service
1737,1738,4.1,20,1,service
1738,1739,50.5,20,1,service
1136,1740,16.0,20,1,service
1740,1741,2.5,20,1,service
1741,1742,3.3,20,1,service
1742,1743,22.0,20,1,service
986,1744,25.9,20,1,service
1744,1745,22.5,20,1,service
803,1746,21.2,20,1,service
1746,1747,69.8,20,1,service
118,1748,6.9,20,1,service
1748,1749,1.9,20,1,service
1749,1750,10.1,20,1,service
1750,1751,1.6,20,1,service
1751,119,5.9,20,1,service
699,1752,6.8,5,1,footway
1752,1753,17.6,5,1,footway
1753,1754,17.1,5,1,footway
1754,1755,8.9,5,1,footway
1755,1756,13.3,5,1,footway
1756,1757,10.5,5,1,footway
1757,1758,9.5,5,1,footway
1758,1759,10.8,5,1,footway
1759,1760,11.2,5,1,footway
1760,1761,6.1,5,1,footway
1761,1762,14.2,5,1,footway
1762,1763,11.7,5,1,footway
1763,1764,12.4,5,1,footway
1764,1765,11.1,5,1,footway
938,1766,11.0,5,1,footway
947,1767,10.6,5,1,footway
786,285,18.9,5,1,footway
285,1013,4.5,5,1,footway
787,284,18.8,5,1,footway
284,1014,4.6,5,1,footway
720,727,23.8,20,1,service
186,1768,1.6,20,1,service
1768,1769,1.9,20,1,service
1769,716,49.8,20,1,service
1770,1771,74.3,20,1,service
1771,1772,2.6,20,1,service
1772,1773,2.0,20,1,service
1773,1774,2.8,20,1,service
1774,1714,28.6,20,1,service
1775,331,77.8,20,1,service
494,1776,72.6,20,1,service
446,1332,26.1,30,1,residential
1332,1140,35.7,30,1,residential
1140,1777,11.7,30,1,residential
1777,1778,17.5,30,1,residential
1778,1779,24.9,30,1,residential
1779,1780,7.0,30,1,residential
1780,1781,2.8,30,1,residential
1781,1782,5.2,30,1,residential
1782,1783,4.2,30,1,residential
1783,1784,31.1,30,1,residential
1784,1785,15.9,30,1,residential
1785,1786,7.1,30,1,residential
1786,1787,7.9,30,1,residential
1787,1788,12.0,30,1,residential
1788,1789,8.2,30,1,residential
83,1790,88.8,40,1,tertiary
1790,1791,58.5,40,1,tertiary
1791,183,69.8,40,1,tertiary
183,1792,46.4,40,1,tertiary
1793,577,16.2,20,1,service
1794,1793,55.5,20,1,service
1795,1796,31.6,20,1,service
1796,1797,7.0,20,1,service
1797,1798,4.6,20,1,service
1798,1799,17.7,20,1,service
1799,1800,38.3,20,1,service
1801,1802,10.6,20,1,service
1803,1804,44.5,20,1,service
1804,1795,17.8,20,1,service
1803,1801,6.4,20,1,service
1805,1806,10.6,20,1,service
1802,1806,52.1,20,1,service
1807,1805,20.9,20,1,service
1805,1800,5.8,20,1,service
1800,1803,39.9,20,1,service
529,1808,18.1,20,1,service
1808,1809,19.2,20,1,service
1809,1810,9.4,20,1,service
1810,1811,10.0,20,1,service
1811,1812,13.1,20,1,service
1812,1813,36.0,20,1,service
1813,1814,2.5,20,1,service
1814,1815,8.6,20,1,service
1815,1816,88.8,20,1,service
1816,1795,27.8,20,1,service
