road_id,from_location_id,to_location_id,distance_km,travel_time_min,condition_weight
R001,L001,L002,0.14,1,1.0
R002,L001,L003,0.14,1,1.0
R003,L001,L004,0.08,1,1.2
R004,L001,L022,0.13,1,1.0
R005,L001,L040,0.13,1,1.0
R006,L002,L015,0.13,1,1.3
R007,L002,L016,0.18,1,1.0
R008,L002,L024,0.22,2,1.3
R009,L003,L004,0.06,1,1.3
R010,L003,L022,0.16,1,1.2
R011,L003,L035,0.1,1,1.0
R012,L003,L039,0.12,1,1.1
R013,L003,L048,0.11,1,1.3
R014,L004,L022,0.14,1,1.0
R015,L004,L039,0.11,1,1.0
R016,L005,L006,0.06,1,1.3
R017,L005,L007,0.13,1,1.2
R018,L005,L009,0.06,1,1.3
R019,L005,L023,0.15,1,1.0
R020,L006,L008,0.13,1,1.3
R021,L006,L009,0.12,1,1.1
R022,L007,L008,0.06,1,1.0
R023,L007,L010,0.08,1,1.0
R024,L008,L010,0.07,1,1.0
R025,L008,L030,0.19,1,1.2
R026,L008,L031,0.15,1,1.2
R027,L009,L022,0.17,1,1.3
R028,L009,L023,0.09,1,1.0
R029,L009,L024,0.19,1,1.0
R030,L010,L030,0.19,1,1.0
R031,L010,L031,0.19,1,1.1
R032,L011,L024,0.44,3,1.1
R033,L011,L026,0.41,3,1.2
R034,L011,L041,0.56,4,1.0
R035,L011,L042,0.5,4,1.0
R036,L012,L014,0.13,1,1.0
R037,L012,L015,0.06,1,1.0
R038,L012,L016,0.1,1,1.2
R039,L013,L014,0.05,1,1.0
R040,L013,L015,0.14,1,1.1
R041,L013,L016,0.16,1,1.0
R042,L013,L017,0.09,1,1.2
R043,L013,L019,0.12,1,1.1
R044,L013,L037,0.15,1,1.0
R045,L014,L017,0.07,1,1.0
R046,L014,L019,0.12,1,1.3
R047,L014,L020,0.16,1,1.2
R048,L015,L016,0.08,1,1.3
R049,L016,L017,0.16,1,1.1
R050,L016,L020,0.17,1,1.0
R051,L016,L041,0.63,5,1.0
R052,L016,L042,0.55,4,1.2
R053,L017,L020,0.09,1,1.0
R054,L017,L037,0.12,1,1.1
R055,L018,L019,0.1,1,1.0
R056,L018,L038,0.16,1,1.2
R057,L018,L039,0.2,2,1.2
R058,L018,L040,0.16,1,1.1
R059,L019,L037,0.18,1,1.0
R060,L021,L023,0.21,2,1.2
R061,L021,L041,0.61,5,1.0
R062,L022,L023,0.13,1,1.0
R063,L023,L024,0.13,1,1.0
R064,L025,L036,0.1,1,1.0
R065,L025,L043,0.23,2,1.0
R066,L025,L045,0.07,1,1.3
R067,L026,L027,0.11,1,1.0
R068,L026,L028,0.2,2,1.0
R069,L026,L029,0.19,1,1.0
R070,L026,L030,0.14,1,1.2
R071,L026,L031,0.18,1,1.0
R072,L027,L028,0.09,1,1.0
R073,L027,L030,0.25,2,1.0
R074,L028,L029,0.11,1,1.1
R075,L028,L032,0.31,2,1.0
R076,L028,L033,0.39,3,1.0
R077,L028,L034,0.25,2,1.2
R078,L028,L047,0.34,3,1.0
R079,L029,L034,0.26,2,1.2
R080,L030,L031,0.1,1,1.0
R081,L032,L033,0.08,1,1.1
R082,L032,L034,0.07,1,1.0
R083,L032,L047,0.18,1,1.2
R084,L033,L047,0.18,1,1.0
R085,L034,L047,0.21,2,1.0
R086,L035,L045,0.12,1,1.0
R087,L036,L043,0.25,2,1.0
R088,L036,L045,0.15,1,1.1
R089,L038,L039,0.07,1,1.1
R090,L038,L040,0.1,1,1.1
R091,L038,L044,0.28,2,1.0
R092,L039,L040,0.07,1,1.0
R093,L041,L042,0.1,1,1.3
R094,L043,L044,0.11,1,1.0
R095,L043,L045,0.16,1,1.0
R096,L043,L046,0.32,2,1.0
R097,L043,L048,0.25,2,1.0
R098,L044,L045,0.27,2,1.1
R099,L044,L046,0.21,2,1.1
R100,L045,L048,0.16,1,1.0
R101,L021,L010,0.29,2,1.0
R102,L005,L035,0.11,1,1.0
R103,L033,L014,0.07,1,1.3
R104,L027,L005,0.19,1,1.3
R105,L004,L037,0.12,1,1.1
R106,L041,L038,0.62,5,1.3
R107,L004,L015,0.08,1,1.1
R108,L019,L027,0.14,1,1.0
R109,L037,L020,0.39,3,1.1
R110,L007,L038,0.39,3,1.1
R111,L024,L007,0.38,3,1.0
R112,L040,L014,0.35,3,1.3
R113,L021,L030,0.4,3,1.3
R114,L024,L020,0.2,2,1.1
R115,L045,L016,0.1,1,1.2
R116,L022,L047,0.32,2,1.0
R117,L008,L033,0.3,2,1.2
R118,L010,L032,0.3,2,1.0
R119,L036,L037,0.52,4,1.2
R120,L022,L045,0.26,2,1.3
R121,L038,L030,0.09,1,1.0
R122,L018,L031,0.47,4,1.0
R123,L004,L047,0.47,4,1.3
R124,L019,L046,0.28,2,1.2
R125,L002,L030,0.26,2,1.0
R126,L032,L004,0.18,1,1.2
R127,L009,L048,0.2,2,1.3
R128,L032,L006,0.15,1,1.3
R129,L036,L018,0.58,4,1.3
R130,L046,L027,0.64,5,1.3
R131,L015,L010,0.1,1,1.1
R132,L015,L043,0.19,1,1.3
R133,L038,L012,0.21,2,1.0
R134,L010,L027,0.37,3,1.2
R135,L009,L045,0.57,4,1.0
R136,L030,L044,0.53,4,1.3
R137,L026,L007,0.34,3,1.3
R138,L004,L013,0.09,1,1.1
R139,L029,L011,0.12,1,1.0
R140,L007,L001,0.39,3,1.0
R141,L024,L040,0.07,1,1.1
R142,L040,L025,0.14,1,1.2
R143,L023,L039,0.27,2,1.0
R144,L008,L032,0.65,5,1.3
R145,L031,L020,0.1,1,1.0
R146,L048,L022,0.49,4,1.3
R147,L045,L011,0.36,3,1.1
R148,L034,L024,0.14,1,1.0
R149,L034,L020,0.64,5,1.0
R150,L045,L017,0.36,3,1.1
R151,L023,L015,0.37,3,1.2
R152,L041,L015,0.42,3,1.1
R153,L016,L026,0.49,4,1.1
R154,L013,L034,0.35,3,1.0
R155,L002,L018,0.33,3,1.1
R156,L045,L039,0.62,5,1.3
R157,L047,L023,0.62,5,1.2
R158,L006,L015,0.11,1,1.3
R159,L013,L022,0.17,1,1.0
R160,L031,L042,0.26,2,1.0
R161,L043,L008,0.6,5,1.1
R162,L031,L012,0.31,2,1.2
R163,L006,L047,0.29,2,1.3
R164,L048,L006,0.48,4,1.1
R165,L009,L002,0.14,1,1.3
R166,L042,L010,0.42,3,1.3
R167,L043,L023,0.14,1,1.1
R168,L047,L042,0.11,1,1.1
R169,L028,L013,0.55,4,1.1
R170,L002,L017,0.18,1,1.1
R171,L038,L021,0.21,2,1.3
R172,L009,L004,0.6,5,1.2
R173,L030,L043,0.4,3,1.3
R174,L033,L009,0.37,3,1.0
R175,L029,L012,0.42,3,1.1
R176,L012,L010,0.33,3,1.0
R177,L036,L004,0.25,2,1.3
R178,L007,L036,0.08,1,1.1
R179,L018,L003,0.51,4,1.3
R180,L036,L002,0.51,4,1.0
R181,L029,L021,0.42,3,1.1
R182,L045,L018,0.32,2,1.3
R183,L033,L016,0.47,4,1.2
R184,L036,L013,0.55,4,1.1
R185,L027,L008,0.29,2,1.2
R186,L005,L043,0.19,1,1.0
R187,L014,L043,0.23,2,1.0
R188,L010,L046,0.44,3,1.2
R189,L010,L017,0.58,4,1.3
R190,L015,L048,0.62,5,1.3
R191,L032,L011,0.64,5,1.1
R192,L011,L046,0.31,2,1.3
R193,L022,L027,0.17,1,1.2
R194,L022,L036,0.33,3,1.0
R195,L025,L022,0.36,3,1.2
R196,L033,L005,0.12,1,1.1
R197,L007,L006,0.21,2,1.0
R198,L012,L018,0.5,4,1.3
R199,L044,L017,0.29,2,1.3
R200,L045,L021,0.1,1,1.0
R201,L045,L012,0.31,2,1.0
R202,L041,L006,0.53,4,1.0
R203,L039,L015,0.09,1,1.0
R204,L030,L001,0.25,2,1.3
R205,L009,L003,0.37,3,1.1
R206,L008,L011,0.21,2,1.1
R207,L013,L020,0.43,3,1.1
R208,L019,L029,0.35,3,1.1
R209,L018,L023,0.53,4,1.2
R210,L002,L047,0.35,3,1.1
R211,L033,L031,0.2,2,1.3
R212,L007,L043,0.54,4,1.3
R213,L043,L032,0.38,3,1.3
R214,L033,L020,0.46,4,1.1
R215,L046,L047,0.43,3,1.3
R216,L023,L004,0.55,4,1.0
R217,L005,L041,0.49,4,1.2
R218,L028,L011,0.08,1,1.3
R219,L033,L043,0.63,5,1.1
R220,L045,L019,0.08,1,1.1
R221,L011,L018,0.32,2,1.2
R222,L024,L022,0.63,5,1.2
R223,L016,L003,0.63,5,1.2
R224,L014,L023,0.16,1,1.2
R225,L025,L006,0.33,3,1.1
R226,L001,L006,0.21,2,1.0
R227,L010,L026,0.4,3,1.3
R228,L002,L020,0.23,2,1.1
R229,L006,L038,0.62,5,1.1
R230,L039,L025,0.51,4,1.3
R231,L010,L019,0.48,4,1.1
R232,L003,L046,0.59,5,1.3
R233,L047,L045,0.54,4,1.1
R234,L034,L033,0.39,3,1.0
R235,L045,L042,0.19,1,1.0
R236,L041,L024,0.63,5,1.3
R237,L029,L036,0.08,1,1.0
R238,L041,L035,0.46,4,1.3
R239,L017,L001,0.32,2,1.0
R240,L048,L033,0.59,5,1.0
R241,L043,L034,0.09,1,1.3
R242,L017,L005,0.56,4,1.1
R243,L047,L014,0.19,1,1.3
R244,L032,L025,0.1,1,1.2
R245,L003,L040,0.43,3,1.1
R246,L005,L039,0.14,1,1.2
R247,L042,L048,0.47,4,1.1
R248,L001,L031,0.09,1,1.2
R249,L044,L007,0.47,4,1.3
R250,L034,L019,0.33,3,1.3
R251,L008,L036,0.17,1,1.0
R252,L031,L002,0.22,2,1.0
R253,L033,L029,0.65,5,1.3
R254,L014,L005,0.4,3,1.1
R255,L048,L034,0.21,2,1.2
R256,L009,L039,0.54,4,1.2
R257,L008,L046,0.27,2,1.3
R258,L032,L026,0.06,1,1.0
R259,L032,L044,0.32,2,1.2
R260,L047,L010,0.3,2,1.3
R261,L021,L008,0.55,4,1.0
R262,L021,L022,0.55,4,1.0
R263,L013,L046,0.06,1,1.2
R264,L017,L024,0.09,1,1.3
R265,L038,L005,0.27,2,1.3
R266,L018,L004,0.22,2,1.0
R267,L043,L019,0.43,3,1.1
R268,L016,L018,0.31,2,1.2
R269,L013,L024,0.52,4,1.3
R270,L002,L041,0.29,2,1.1
R271,L027,L029,0.42,3,1.1
R272,L042,L019,0.34,3,1.1
R273,L011,L031,0.3,2,1.2
R274,L017,L026,0.44,3,1.2
R275,L031,L036,0.45,3,1.0
R276,L011,L005,0.17,1,1.3
R277,L036,L015,0.32,2,1.2
R278,L009,L036,0.17,1,1.0
R279,L012,L022,0.38,3,1.2
R280,L016,L024,0.21,2,1.1
R281,L002,L048,0.57,4,1.3
R282,L027,L048,0.36,3,1.3
R283,L018,L022,0.5,4,1.3
R284,L018,L037,0.63,5,1.1
R285,L044,L033,0.37,3,1.1
R286,L006,L018,0.59,5,1.3
R287,L026,L042,0.32,2,1.2
R288,L003,L028,0.48,4,1.3
R289,L038,L032,0.05,1,1.3
R290,L034,L030,0.63,5,1.1
R291,L007,L015,0.14,1,1.0
R292,L042,L030,0.1,1,1.0
R293,L001,L009,0.19,1,1.0
R294,L042,L046,0.23,2,1.1
R295,L041,L017,0.37,3,1.3
R296,L045,L008,0.11,1,1.2
R297,L034,L038,0.17,1,1.2
R298,L001,L035,0.23,2,1.3
R299,L018,L021,0.44,3,1.1
R300,L031,L034,0.19,1,1.1
R301,L002,L027,0.47,4,1.2
R302,L004,L002,0.17,1,1.3
R303,L006,L017,0.19,1,1.3
R304,L024,L015,0.35,3,1.2
R305,L024,L044,0.29,2,1.0
R306,L019,L048,0.56,4,1.0
R307,L014,L032,0.63,5,1.2
R308,L030,L015,0.21,2,1.2
R309,L007,L040,0.35,3,1.1
R310,L015,L032,0.3,2,1.0
R311,L039,L010,0.6,5,1.0
R312,L014,L002,0.63,5,1.1
R313,L027,L004,0.48,4,1.1
R314,L046,L021,0.49,4,1.0
R315,L011,L022,0.16,1,1.3
R316,L003,L020,0.45,3,1.3
R317,L006,L023,0.3,2,1.0
R318,L036,L014,0.28,2,1.2
R319,L028,L006,0.08,1,1.3
R320,L035,L029,0.17,1,1.2
R321,L048,L031,0.07,1,1.3
R322,L026,L003,0.28,2,1.3
R323,L005,L004,0.2,2,1.0
R324,L039,L022,0.27,2,1.2
R325,L017,L048,0.48,4,1.2
R326,L018,L020,0.05,1,1.0
R327,L007,L031,0.48,4,1.3
R328,L025,L017,0.6,5,1.3
R329,L009,L032,0.16,1,1.2
R330,L045,L010,0.41,3,1.2
R331,L024,L039,0.1,1,1.1
R332,L016,L027,0.09,1,1.0
R333,L035,L021,0.15,1,1.3
R334,L017,L040,0.1,1,1.0
R335,L027,L032,0.64,5,1.3
R336,L009,L027,0.33,3,1.1
R337,L048,L035,0.56,4,1.0
R338,L013,L029,0.2,2,1.1
R339,L016,L010,0.22,2,1.1
R340,L021,L005,0.29,2,1.1
R341,L015,L042,0.54,4,1.3
R342,L003,L007,0.05,1,1.1
R343,L029,L024,0.07,1,1.2
R344,L015,L008,0.08,1,1.1
R345,L005,L024,0.36,3,1.1
R346,L029,L039,0.21,2,1.0
R347,L007,L041,0.41,3,1.2
R348,L014,L003,0.27,2,1.1
R349,L017,L003,0.41,3,1.1
R350,L001,L021,0.3,2,1.2
R351,L012,L040,0.24,2,1.1
R352,L003,L032,0.38,3,1.0
R353,L027,L007,0.53,4,1.1
R354,L006,L042,0.15,1,1.2
R355,L043,L020,0.3,2,1.0
R356,L020,L048,0.39,3,1.2
R357,L024,L042,0.17,1,1.3
R358,L014,L001,0.31,2,1.1
R359,L028,L008,0.54,4,1.3
R360,L037,L024,0.33,3,1.1
R361,L026,L006,0.39,3,1.2
R362,L011,L010,0.26,2,1.1
R363,L034,L011,0.61,5,1.0
R364,L031,L021,0.08,1,1.3
R365,L006,L046,0.42,3,1.1
R366,L040,L026,0.42,3,1.1
R367,L037,L014,0.08,1,1.1
R368,L025,L023,0.12,1,1.1
R369,L047,L013,0.07,1,1.0
R370,L043,L021,0.12,1,1.3
R371,L036,L041,0.52,4,1.3
R372,L020,L038,0.2,2,1.3
R373,L043,L024,0.32,2,1.3
R374,L012,L002,0.05,1,1.3
R375,L030,L016,0.32,2,1.3
R376,L023,L028,0.27,2,1.3
R377,L003,L041,0.13,1,1.2
R378,L006,L004,0.5,4,1.3
R379,L042,L009,0.07,1,1.0
R380,L040,L047,0.47,4,1.0
R381,L013,L009,0.64,5,1.3
R382,L019,L011,0.46,4,1.1
R383,L011,L021,0.59,5,1.2
R384,L017,L033,0.63,5,1.3
R385,L014,L038,0.21,2,1.1
R386,L021,L024,0.07,1,1.1
R387,L041,L018,0.46,4,1.3
R388,L011,L017,0.12,1,1.0
R389,L045,L007,0.2,2,1.3
R390,L048,L024,0.21,2,1.2
R391,L037,L010,0.27,2,1.0
R392,L029,L015,0.16,1,1.0
R393,L047,L001,0.5,4,1.1
R394,L040,L041,0.31,2,1.2
R395,L040,L042,0.08,1,1.0
R396,L001,L037,0.26,2,1.0
R397,L034,L023,0.37,3,1.3
R398,L038,L009,0.17,1,1.3
R399,L011,L009,0.06,1,1.1
R400,L029,L007,0.09,1,1.1
R401,L043,L018,0.29,2,1.2
R402,L042,L036,0.59,5,1.3
R403,L039,L034,0.49,4,1.1
R404,L011,L001,0.08,1,1.0
R405,L026,L012,0.19,1,1.0
R406,L040,L036,0.44,3,1.1
R407,L039,L042,0.35,3,1.3
R408,L005,L020,0.43,3,1.3
R409,L046,L035,0.05,1,1.3
R410,L048,L030,0.1,1,1.3
R411,L007,L017,0.19,1,1.0
R412,L008,L022,0.58,4,1.2
R413,L046,L004,0.21,2,1.3
R414,L044,L034,0.63,5,1.2
R415,L042,L014,0.1,1,1.0
R416,L016,L048,0.17,1,1.1
R417,L048,L021,0.17,1,1.3
R418,L016,L025,0.59,5,1.3
R419,L045,L001,0.56,4,1.3
R420,L047,L015,0.39,3,1.2
R421,L014,L026,0.42,3,1.0
R422,L037,L011,0.14,1,1.0
R423,L040,L011,0.26,2,1.1
R424,L045,L002,0.07,1,1.1
R425,L045,L005,0.49,4,1.0
R426,L038,L024,0.17,1,1.0
R427,L046,L025,0.11,1,1.1
R428,L014,L008,0.07,1,1.0
R429,L041,L019,0.34,3,1.1
R430,L007,L042,0.17,1,1.2
R431,L022,L028,0.21,2,1.2
R432,L017,L019,0.08,1,1.2
R433,L021,L039,0.35,3,1.2
R434,L040,L048,0.07,1,1.3
R435,L002,L028,0.36,3,1.0
R436,L023,L031,0.47,4,1.1
R437,L001,L034,0.17,1,1.0
R438,L001,L023,0.34,3,1.3
R439,L023,L033,0.21,2,1.1
R440,L045,L015,0.35,3,1.0
R441,L032,L045,0.39,3,1.0
R442,L023,L007,0.29,2,1.3
R443,L028,L042,0.07,1,1.1
R444,L028,L035,0.35,3,1.3
R445,L030,L009,0.37,3,1.0
R446,L023,L038,0.25,2,1.1
R447,L029,L043,0.38,3,1.2
R448,L011,L030,0.31,2,1.2
R449,L038,L015,0.13,1,1.3
R450,L013,L018,0.23,2,1.1
R451,L016,L047,0.25,2,1.2
R452,L011,L016,0.25,2,1.1
R453,L017,L047,0.65,5,1.1
R454,L013,L025,0.14,1,1.1
R455,L020,L047,0.23,2,1.2
R456,L013,L007,0.43,3,1.0
R457,L018,L014,0.58,4,1.3
R458,L033,L041,0.23,2,1.0
R459,L039,L048,0.29,2,1.1
R460,L028,L045,0.39,3,1.3
R461,L044,L012,0.43,3,1.3
R462,L028,L021,0.21,2,1.0
R463,L026,L046,0.48,4,1.1
R464,L017,L028,0.34,3,1.0
R465,L040,L027,0.36,3,1.1
R466,L042,L021,0.52,4,1.3
R467,L032,L007,0.07,1,1.1
R468,L037,L030,0.37,3,1.3
R469,L033,L002,0.43,3,1.2
R470,L034,L022,0.3,2,1.3
R471,L014,L044,0.16,1,1.0
R472,L023,L041,0.08,1,1.2
R473,L025,L026,0.09,1,1.0
R474,L027,L041,0.47,4,1.2
R475,L038,L017,0.12,1,1.2
R476,L048,L026,0.61,5,1.1
R477,L014,L011,0.13,1,1.0
R478,L041,L013,0.33,3,1.1
R479,L010,L023,0.45,3,1.3
R480,L030,L019,0.51,4,1.1
R481,L015,L018,0.47,4,1.2
R482,L028,L044,0.16,1,1.0
R483,L047,L018,0.26,2,1.2
R484,L006,L043,0.59,5,1.1
R485,L020,L025,0.08,1,1.2
R486,L009,L034,0.55,4,1.0
R487,L043,L001,0.18,1,1.0
R488,L017,L039,0.11,1,1.1
R489,L029,L023,0.52,4,1.1
R490,L026,L035,0.15,1,1.0
R491,L041,L020,0.17,1,1.1
R492,L034,L006,0.5,4,1.3
R493,L017,L027,0.19,1,1.1
R494,L031,L032,0.38,3,1.3
R495,L016,L032,0.15,1,1.0
R496,L030,L045,0.39,3,1.2
R497,L030,L024,0.31,2,1.0
R498,L012,L041,0.27,2,1.0
R499,L002,L040,0.08,1,1.2
R500,L007,L033,0.34,3,1.1
R501,L041,L009,0.25,2,1.2
R502,L022,L031,0.52,4,1.1
R503,L019,L028,0.26,2,1.2
R504,L019,L023,0.55,4,1.3
R505,L022,L033,0.64,5,1.2
R506,L020,L009,0.4,3,1.0
R507,L047,L036,0.58,4,1.0
R508,L026,L020,0.12,1,1.0
R509,L013,L031,0.42,3,1.0
R510,L033,L035,0.42,3,1.1
R511,L041,L044,0.47,4,1.0
R512,L043,L041,0.32,2,1.1
R513,L012,L003,0.3,2,1.0
R514,L042,L001,0.27,2,1.1
R515,L020,L036,0.48,4,1.2
R516,L012,L027,0.07,1,1.0
R517,L028,L037,0.44,3,1.0
R518,L032,L037,0.36,3,1.0
R519,L027,L037,0.47,4,1.3
R520,L029,L005,0.06,1,1.3
R521,L043,L010,0.34,3,1.3
R522,L031,L014,0.59,5,1.0
R523,L028,L001,0.06,1,1.0
R524,L006,L014,0.57,4,1.1
R525,L037,L016,0.32,2,1.1
R526,L004,L024,0.51,4,1.1
R527,L036,L046,0.35,3,1.2
R528,L042,L044,0.54,4,1.0
R529,L039,L011,0.62,5,1.3
R530,L037,L047,0.31,2,1.1
R531,L027,L031,0.28,2,1.3
R532,L022,L019,0.22,2,1.2
R533,L039,L047,0.64,5,1.1
R534,L039,L020,0.4,3,1.1
R535,L025,L044,0.28,2,1.1
R536,L021,L017,0.21,2,1.1
R537,L038,L003,0.22,2,1.1
R538,L023,L035,0.1,1,1.3
R539,L004,L044,0.29,2,1.1
R540,L001,L025,0.33,3,1.0
R541,L005,L015,0.29,2,1.2
R542,L034,L021,0.34,3,1.1
R543,L013,L006,0.16,1,1.2
R544,L037,L023,0.29,2,1.1
R545,L032,L024,0.57,4,1.2
R546,L041,L030,0.52,4,1.1
R547,L002,L023,0.22,2,1.0
R548,L017,L018,0.31,2,1.3
R549,L009,L017,0.56,4,1.2
R550,L013,L012,0.28,2,1.0
R551,L036,L024,0.57,4,1.3
R552,L032,L005,0.57,4,1.3
R553,L021,L037,0.19,1,1.0
R554,L017,L023,0.09,1,1.0
R555,L004,L017,0.52,4,1.3
R556,L004,L007,0.14,1,1.0
R557,L013,L044,0.5,4,1.3
R558,L025,L008,0.27,2,1.3
R559,L044,L001,0.33,3,1.1
R560,L003,L011,0.61,5,1.1
R561,L005,L040,0.57,4,1.1
R562,L025,L002,0.43,3,1.3
R563,L015,L031,0.12,1,1.2
R564,L010,L022,0.18,1,1.0
R565,L012,L046,0.32,2,1.1
R566,L029,L010,0.21,2,1.3
R567,L017,L032,0.12,1,1.3
R568,L010,L033,0.08,1,1.1
R569,L019,L008,0.2,2,1.1
R570,L024,L028,0.64,5,1.1
R571,L016,L007,0.28,2,1.3
R572,L011,L004,0.55,4,1.2
R573,L010,L041,0.06,1,1.2
R574,L029,L001,0.52,4,1.2
R575,L012,L024,0.31,2,1.3
R576,L037,L012,0.13,1,1.1
R577,L034,L015,0.48,4,1.1
R578,L039,L006,0.55,4,1.3
R579,L014,L009,0.42,3,1.1
R580,L013,L001,0.09,1,1.3
R581,L041,L032,0.1,1,1.3
R582,L031,L009,0.57,4,1.2
R583,L045,L024,0.39,3,1.0
R584,L005,L008,0.26,2,1.1
R585,L025,L037,0.5,4,1.0
R586,L019,L007,0.62,5,1.3
R587,L002,L034,0.53,4,1.1
R588,L011,L007,0.24,2,1.0
R589,L002,L007,0.61,5,1.1
R590,L039,L041,0.4,3,1.1
R591,L045,L029,0.11,1,1.0
R592,L033,L018,0.12,1,1.0
R593,L026,L009,0.37,3,1.1
R594,L043,L037,0.33,3,1.3
R595,L011,L002,0.61,5,1.3
R596,L045,L027,0.41,3,1.0
R597,L026,L004,0.52,4,1.2
R598,L022,L046,0.31,2,1.2
R599,L026,L036,0.08,1,1.1
R600,L044,L023,0.2,2,1.3
R601,L001,L024,0.12,1,1.1
R602,L003,L042,0.42,3,1.2
R603,L008,L034,0.06,1,1.1
R604,L003,L019,0.12,1,1.2
R605,L008,L004,0.41,3,1.2
R606,L006,L030,0.4,3,1.1
R607,L029,L008,0.36,3,1.2
R608,L035,L019,0.55,4,1.1
R609,L042,L025,0.17,1,1.2
R610,L030,L036,0.23,2,1.3
R611,L022,L015,0.16,1,1.3
R612,L038,L026,0.06,1,1.2
R613,L021,L036,0.25,2,1.2
R614,L019,L004,0.51,4,1.1
R615,L036,L005,0.41,3,1.2
R616,L004,L034,0.28,2,1.3
R617,L023,L048,0.51,4,1.1
R618,L044,L048,0.61,5,1.3
R619,L022,L043,0.26,2,1.1
R620,L034,L007,0.49,4,1.3
R621,L046,L041,0.6,5,1.1
R622,L001,L027,0.51,4,1.0
R623,L027,L018,0.57,4,1.0
R624,L025,L029,0.47,4,1.2
R625,L026,L034,0.38,3,1.3
R626,L001,L048,0.56,4,1.3
R627,L020,L012,0.37,3,1.1
R628,L025,L038,0.19,1,1.2
R629,L016,L021,0.17,1,1.3
R630,L020,L035,0.51,4,1.3
R631,L025,L030,0.26,2,1.2
R632,L044,L005,0.37,3,1.0
R633,L027,L024,0.35,3,1.1
R634,L013,L027,0.34,3,1.3
R635,L006,L011,0.27,2,1.2
R636,L033,L012,0.12,1,1.2
R637,L033,L027,0.43,3,1.2
R638,L033,L013,0.3,2,1.0
R639,L041,L037,0.41,3,1.2
R640,L041,L047,0.08,1,1.3
R641,L001,L020,0.48,4,1.0
R642,L002,L013,0.16,1,1.2
R643,L042,L035,0.36,3,1.1
R644,L027,L039,0.12,1,1.1
R645,L032,L030,0.42,3,1.0
R646,L046,L016,0.26,2,1.1
R647,L023,L013,0.32,2,1.3
R648,L015,L026,0.4,3,1.0
R649,L029,L004,0.42,3,1.1
R650,L015,L003,0.15,1,1.1
R651,L030,L020,0.3,2,1.2
R652,L016,L044,0.28,2,1.1
R653,L027,L020,0.29,2,1.3
R654,L006,L012,0.15,1,1.3
R655,L012,L001,0.63,5,1.2
R656,L024,L008,0.25,2,1.3
R657,L022,L026,0.44,3,1.0
R658,L036,L016,0.28,2,1.3
R659,L016,L028,0.07,1,1.0
R660,L035,L009,0.38,3,1.3
R661,L014,L015,0.57,4,1.1
R662,L046,L017,0.41,3,1.3
R663,L035,L016,0.29,2,1.1
R664,L009,L008,0.46,4,1.0
R665,L035,L018,0.49,4,1.3
R666,L002,L043,0.48,4,1.1
R667,L006,L045,0.16,1,1.1
R668,L021,L013,0.45,3,1.0
R669,L024,L033,0.51,4,1.1
R670,L005,L046,0.24,2,1.1
R671,L019,L009,0.54,4,1.3
R672,L045,L023,0.59,5,1.0
R673,L007,L012,0.22,2,1.2
R674,L015,L046,0.46,4,1.3
R675,L010,L025,0.49,4,1.2
R676,L037,L015,0.39,3,1.2
R677,L028,L043,0.46,4,1.2
R678,L001,L008,0.55,4,1.2
R679,L004,L016,0.46,4,1.0
R680,L021,L014,0.52,4,1.2
R681,L029,L022,0.46,4,1.3
R682,L033,L004,0.46,4,1.1
R683,L032,L013,0.08,1,1.2
R684,L012,L035,0.15,1,1.1
R685,L035,L017,0.2,2,1.0
R686,L011,L023,0.26,2,1.0
R687,L009,L044,0.47,4,1.3
R688,L016,L001,0.36,3,1.3
R689,L038,L037,0.19,1,1.0
R690,L036,L028,0.51,4,1.1
R691,L013,L008,0.47,4,1.3
R692,L024,L019,0.15,1,1.0
R693,L048,L037,0.21,2,1.3
R694,L013,L035,0.24,2,1.2
R695,L017,L042,0.2,2,1.1
R696,L002,L026,0.55,4,1.2
R697,L041,L034,0.56,4,1.1
R698,L007,L047,0.55,4,1.2
R699,L025,L012,0.44,3,1.2
R700,L021,L015,0.27,2,1.2
R701,L007,L037,0.53,4,1.3
R702,L004,L014,0.35,3,1.3
R703,L047,L011,0.65,5,1.0
R704,L015,L011,0.13,1,1.3
R705,L006,L003,0.56,4,1.3
R706,L047,L024,0.05,1,1.3
R707,L022,L005,0.31,2,1.1
R708,L025,L019,0.05,1,1.2
R709,L031,L006,0.38,3,1.3
R710,L026,L039,0.42,3,1.0
R711,L047,L044,0.25,2,1.2
R712,L024,L031,0.44,3,1.1
R713,L020,L022,0.37,3,1.0
R714,L006,L010,0.45,3,1.2
R715,L036,L038,0.62,5,1.2
R716,L034,L016,0.39,3,1.3
R717,L017,L008,0.19,1,1.1
R718,L036,L048,0.12,1,1.2
R719,L043,L017,0.48,4,1.1
R720,L015,L035,0.39,3,1.0
R721,L006,L027,0.46,4,1.3
R722,L036,L033,0.48,4,1.0
R723,L011,L013,0.39,3,1.0
R724,L040,L004,0.29,2,1.0
R725,L024,L003,0.06,1,1.1
R726,L009,L028,0.6,5,1.0
R727,L040,L013,0.39,3,1.2
R728,L008,L016,0.27,2,1.2
R729,L023,L036,0.25,2,1.0
R730,L003,L044,0.2,2,1.2
R731,L013,L045,0.32,2,1.3
R732,L008,L002,0.34,3,1.0
R733,L017,L012,0.14,1,1.2
R734,L018,L029,0.06,1,1.2
R735,L003,L005,0.16,1,1.3
R736,L040,L034,0.1,1,1.2
R737,L034,L014,0.24,2,1.1
R738,L047,L030,0.25,2,1.3
R739,L022,L038,0.34,3,1.1
R740,L030,L039,0.08,1,1.1
R741,L047,L043,0.14,1,1.3
R742,L018,L005,0.35,3,1.2
R743,L037,L034,0.4,3,1.1
R744,L045,L003,0.6,5,1.0
R745,L016,L023,0.57,4,1.3
R746,L010,L009,0.17,1,1.3
R747,L026,L037,0.51,4,1.1
R748,L010,L020,0.48,4,1.2
R749,L013,L038,0.6,5,1.1
R750,L023,L030,0.26,2,1.3
R751,L047,L005,0.55,4,1.2
R752,L039,L019,0.57,4,1.0
R753,L005,L037,0.25,2,1.1
R754,L002,L042,0.34,3,1.2
R755,L012,L004,0.57,4,1.0
R756,L040,L022,0.52,4,1.3
R757,L017,L030,0.57,4,1.0
R758,L040,L046,0.48,4,1.2
R759,L002,L010,0.18,1,1.0
R760,L035,L044,0.4,3,1.1
R761,L043,L039,0.39,3,1.1
R762,L031,L003,0.52,4,1.2
R763,L046,L030,0.39,3,1.2
R764,L034,L018,0.13,1,1.0
R765,L024,L010,0.64,5,1.1
R766,L004,L035,0.35,3,1.1
R767,L048,L011,0.37,3,1.2
R768,L029,L032,0.18,1,1.2
R769,L001,L005,0.53,4,1.3
R770,L027,L025,0.62,5,1.1
R771,L046,L028,0.2,2,1.2
R772,L019,L006,0.25,2,1.3
R773,L021,L044,0.42,3,1.3
R774,L003,L029,0.16,1,1.1
R775,L020,L044,0.06,1,1.0
R776,L010,L001,0.13,1,1.2
R777,L042,L043,0.48,4,1.2
R778,L041,L045,0.06,1,1.1
R779,L033,L039,0.19,1,1.3
R780,L004,L021,0.09,1,1.0
R781,L003,L013,0.36,3,1.3
R782,L018,L001,0.25,2,1.0
R783,L048,L046,0.21,2,1.3
R784,L013,L043,0.12,1,1.0
R785,L026,L045,0.39,3,1.3
R786,L038,L035,0.65,5,1.1
R787,L041,L048,0.57,4,1.2
R788,L017,L031,0.56,4,1.2
R789,L031,L037,0.18,1,1.1
R790,L005,L034,0.27,2,1.1
R791,L030,L012,0.43,3,1.0
R792,L021,L025,0.27,2,1.3
R793,L026,L019,0.65,5,1.0
R794,L029,L041,0.34,3,1.1
R795,L034,L010,0.05,1,1.1
R796,L016,L040,0.27,2,1.2
R797,L004,L038,0.16,1,1.2
R798,L029,L006,0.37,3,1.3
R799,L019,L040,0.52,4,1.0
R800,L046,L029,0.28,2,1.0
R801,L046,L038,0.27,2,1.1
R802,L034,L027,0.35,3,1.0
R803,L013,L026,0.37,3,1.2
R804,L027,L038,0.13,1,1.3
R805,L004,L041,0.14,1,1.2
R806,L034,L017,0.1,1,1.3
R807,L026,L033,0.58,4,1.0
R808,L025,L028,0.56,4,1.2
R809,L014,L035,0.44,3,1.3
R810,L021,L003,0.21,2,1.3
R811,L046,L014,0.53,4,1.3
R812,L026,L047,0.32,2,1.1
R813,L028,L041,0.12,1,1.1
R814,L032,L012,0.06,1,1.1
R815,L035,L011,0.14,1,1.1
R816,L030,L007,0.17,1,1.0
R817,L029,L044,0.3,2,1.0
R818,L047,L012,0.31,2,1.3
R819,L008,L003,0.55,4,1.0
R820,L042,L034,0.37,3,1.2
R821,L032,L023,0.06,1,1.3
R822,L032,L018,0.57,4,1.0
R823,L020,L004,0.15,1,1.2
R824,L029,L031,0.2,2,1.2
R825,L012,L008,0.52,4,1.2
R826,L007,L048,0.38,3,1.1
R827,L030,L003,0.07,1,1.0
R828,L027,L042,0.47,4,1.3
R829,L035,L008,0.24,2,1.1
R830,L009,L016,0.49,4,1.1
R831,L037,L008,0.1,1,1.1
R832,L016,L005,0.41,3,1.0
R833,L040,L045,0.15,1,1.2
R834,L022,L006,0.54,4,1.3
R835,L027,L003,0.1,1,1.1
R836,L015,L044,0.25,2,1.0
R837,L025,L041,0.52,4,1.2
R838,L048,L038,0.37,3,1.0
R839,L037,L044,0.58,4,1.0
R840,L026,L043,0.52,4,1.2
R841,L039,L028,0.53,4,1.0
R842,L020,L032,0.41,3,1.0
R843,L043,L035,0.53,4,1.0
R844,L025,L018,0.25,2,1.1
R845,L021,L033,0.52,4,1.1
R846,L025,L009,0.61,5,1.2
R847,L043,L027,0.1,1,1.2
R848,L004,L042,0.35,3,1.2
R849,L018,L010,0.16,1,1.0
R850,L042,L018,0.43,3,1.1
R851,L036,L027,0.44,3,1.3
R852,L032,L046,0.27,2,1.2
R853,L024,L026,0.24,2,1.3
R854,L018,L008,0.17,1,1.3
R855,L035,L031,0.45,3,1.3
R856,L041,L008,0.21,2,1.0
R857,L045,L037,0.23,2,1.2
R858,L007,L039,0.46,4,1.3
R859,L020,L011,0.44,3,1.0
R860,L010,L035,0.49,4,1.3
R861,L022,L044,0.09,1,1.3
R862,L043,L016,0.4,3,1.3
R863,L020,L007,0.27,2,1.0
R864,L045,L034,0.09,1,1.2
R865,L009,L029,0.22,2,1.0
R866,L029,L038,0.38,3,1.0
R867,L037,L035,0.48,4,1.1
R868,L008,L026,0.28,2,1.3
R869,L035,L022,0.44,3,1.2
R870,L005,L042,0.34,3,1.1
R871,L028,L030,0.63,5,1.3
R872,L013,L005,0.49,4,1.0
R873,L048,L047,0.42,3,1.0
R874,L014,L027,0.06,1,1.2
R875,L023,L027,0.59,5,1.3
R876,L007,L022,0.11,1,1.1
R877,L033,L025,0.18,1,1.2
R878,L047,L025,0.15,1,1.3
R879,L047,L038,0.37,3,1.0
R880,L041,L014,0.05,1,1.1
R881,L029,L030,0.39,3,1.3
R882,L045,L031,0.41,3,1.0
R883,L032,L039,0.28,2,1.1
R884,L015,L001,0.29,2,1.1
R885,L030,L004,0.29,2,1.1
R886,L007,L046,0.11,1,1.1
R887,L040,L033,0.24,2,1.3
R888,L030,L014,0.12,1,1.1
R889,L008,L040,0.64,5,1.2
R890,L006,L024,0.21,2,1.2
R891,L037,L022,0.51,4,1.0
R892,L039,L014,0.36,3,1.3
R893,L037,L042,0.18,1,1.0
R894,L028,L004,0.16,1,1.2
R895,L029,L017,0.47,4,1.2
R896,L020,L023,0.07,1,1.3
R897,L040,L021,0.21,2,1.1
R898,L035,L002,0.25,2,1.2
R899,L016,L022,0.53,4,1.1
R900,L041,L022,0.27,2,1.0
R901,L001,L046,0.21,2,1.0
R902,L029,L040,0.46,4,1.2
R903,L022,L017,0.63,5,1.0
R904,L045,L014,0.43,3,1.1
R905,L010,L036,0.12,1,1.3
R906,L042,L033,0.46,4,1.2
R907,L029,L047,0.58,4,1.3
R908,L025,L015,0.11,1,1.1
R909,L043,L038,0.24,2,1.2
R910,L005,L019,0.06,1,1.1
R911,L035,L047,0.16,1,1.2
R912,L025,L024,0.19,1,1.3
R913,L019,L002,0.33,3,1.3
R914,L018,L024,0.32,2,1.1
R915,L033,L015,0.34,3,1.1
R916,L037,L040,0.57,4,1.3
R917,L014,L007,0.1,1,1.2
R918,L021,L007,0.17,1,1.2
R919,L046,L031,0.34,3,1.1
R920,L033,L001,0.43,3,1.0
R921,L029,L014,0.56,4,1.2
R922,L005,L026,0.07,1,1.1
R923,L005,L031,0.27,2,1.3
R924,L030,L018,0.19,1,1.2
R925,L046,L002,0.39,3,1.1
R926,L015,L028,0.15,1,1.3
R927,L048,L018,0.63,5,1.3
R928,L028,L007,0.63,5,1.2
R929,L012,L009,0.3,2,1.3
R930,L033,L038,0.12,1,1.1
R931,L034,L036,0.17,1,1.0
R932,L048,L004,0.42,3,1.3
R933,L023,L046,0.51,4,1.2
R934,L044,L011,0.29,2,1.0
R935,L001,L039,0.37,3,1.2
R936,L002,L005,0.53,4,1.1
R937,L021,L019,0.3,2,1.3
R938,L004,L045,0.63,5,1.1
R939,L013,L039,0.61,5,1.0
R940,L010,L013,0.53,4,1.3
R941,L040,L006,0.54,4,1.3
R942,L034,L035,0.25,2,1.0
R943,L045,L020,0.29,2,1.2
R944,L021,L006,0.23,2,1.2
R945,L046,L034,0.57,4,1.3
R946,L028,L031,0.09,1,1.1
R947,L024,L035,0.32,2,1.2
R948,L018,L009,0.07,1,1.1
R949,L005,L030,0.46,4,1.0
R950,L012,L039,0.54,4,1.3
R951,L021,L012,0.49,4,1.2
R952,L040,L023,0.29,2,1.2
R953,L043,L004,0.26,2,1.1
R954,L021,L009,0.56,4,1.0
R955,L021,L002,0.59,5,1.0
R956,L013,L030,0.43,3,1.2
R957,L031,L025,0.24,2,1.3
R958,L014,L024,0.38,3,1.0
R959,L046,L009,0.31,2,1.0
R960,L012,L034,0.22,2,1.2
R961,L021,L020,0.64,5,1.1
R962,L032,L035,0.5,4,1.0
R963,L036,L011,0.16,1,1.0
R964,L033,L046,0.59,5,1.1
R965,L033,L030,0.61,5,1.1
R966,L029,L002,0.3,2,1.2
R967,L015,L027,0.18,1,1.3
R968,L047,L008,0.5,4,1.1
R969,L018,L028,0.61,5,1.0
R970,L032,L001,0.32,2,1.0
R971,L044,L027,0.14,1,1.3
R972,L011,L027,0.26,2,1.3
R973,L019,L012,0.3,2,1.3
R974,L046,L045,0.55,4,1.1
R975,L036,L001,0.07,1,1.3
R976,L044,L026,0.62,5,1.2
R977,L044,L010,0.43,3,1.3
R978,L042,L012,0.22,2,1.1
R979,L041,L031,0.12,1,1.2
R980,L039,L037,0.52,4,1.2
R981,L025,L005,0.27,2,1.0
R982,L019,L032,0.15,1,1.3
R983,L020,L015,0.18,1,1.3
R984,L036,L006,0.51,4,1.1
R985,L003,L002,0.25,2,1.1
R986,L002,L044,0.47,4,1.1
R987,L011,L012,0.59,5,1.2
R988,L040,L044,0.59,5,1.3
R989,L010,L004,0.6,5,1.1
R990,L033,L045,0.36,3,1.0
R991,L043,L040,0.54,4,1.2
R992,L036,L017,0.53,4,1.2
R993,L010,L028,0.51,4,1.3
R994,L019,L038,0.35,3,1.0
R995,L009,L007,0.28,2,1.0
R996,L048,L010,0.54,4,1.2
R997,L039,L031,0.58,4,1.0
R998,L047,L019,0.26,2,1.1
R999,L008,L042,0.16,1,1.2
R1000,L040,L020,0.63,5,1.0
R1001,L035,L040,0.56,4,1.3
R1002,L044,L008,0.38,3,1.3
R1003,L036,L032,0.51,4,1.2
R1004,L043,L012,0.27,2,1.1
R1005,L020,L019,0.63,5,1.1
R1006,L044,L019,0.61,5,1.1
R1007,L028,L040,0.37,3,1.3
R1008,L038,L008,0.15,1,1.0
R1009,L028,L020,0.09,1,1.3
R1010,L019,L033,0.07,1,1.0
R1011,L014,L028,0.21,2,1.3
R1012,L006,L016,0.59,5,1.0
R1013,L005,L010,0.1,1,1.0
R1014,L007,L025,0.35,3,1.3
R1015,L009,L043,0.46,4,1.1
R1016,L046,L018,0.15,1,1.3
R1017,L006,L035,0.49,4,1.1
R1018,L010,L003,0.57,4,1.0
R1019,L029,L042,0.52,4,1.1
R1020,L015,L040,0.22,2,1.1
R1021,L025,L035,0.22,2,1.3
R1022,L021,L047,0.46,4,1.3
R1023,L048,L012,0.34,3,1.2
R1024,L015,L019,0.11,1,1.1
R1025,L003,L037,0.25,2,1.0
R1026,L025,L011,0.53,4,1.0
R1027,L024,L046,0.15,1,1.3
R1028,L036,L035,0.13,1,1.3
R1029,L029,L048,0.55,4,1.1
R1030,L038,L045,0.63,5,1.1
R1031,L030,L035,0.19,1,1.1
R1032,L039,L002,0.13,1,1.2
R1033,L020,L006,0.62,5,1.3
R1034,L032,L002,0.42,3,1.2
R1035,L013,L042,0.48,4,1.2
R1036,L036,L039,0.39,3,1.1
R1037,L031,L038,0.37,3,1.3
R1038,L007,L035,0.31,2,1.2
R1039,L042,L023,0.27,2,1.3
R1040,L016,L014,0.1,1,1.2
R1041,L023,L003,0.24,2,1.3
R1042,L006,L044,0.27,2,1.3
R1043,L014,L010,0.44,3,1.0
R1044,L006,L002,0.07,1,1.1
R1045,L028,L005,0.39,3,1.1
R1046,L018,L044,0.35,3,1.1
R1047,L033,L006,0.11,1,1.3
R1048,L039,L016,0.64,5,1.3
R1049,L048,L005,0.48,4,1.1
R1050,L026,L001,0.62,5,1.1
R1051,L002,L038,0.11,1,1.3
R1052,L016,L029,0.22,2,1.0
R1053,L023,L026,0.15,1,1.0
R1054,L046,L037,0.52,4,1.2
R1055,L031,L016,0.26,2,1.3
R1056,L010,L040,0.49,4,1.2
R1057,L034,L025,0.62,5,1.1
R1058,L036,L019,0.61,5,1.0
R1059,L036,L044,0.61,5,1.0
R1060,L009,L040,0.57,4,1.1
R1061,L038,L028,0.48,4,1.3
R1062,L037,L029,0.57,4,1.2
R1063,L011,L033,0.31,2,1.0
R1064,L031,L040,0.63,5,1.1
R1065,L027,L047,0.17,1,1.0
R1066,L020,L029,0.59,5,1.3
R1067,L003,L047,0.09,1,1.1
R1068,L032,L021,0.07,1,1.3
R1069,L037,L002,0.4,3,1.3
R1070,L022,L002,0.11,1,1.2
R1071,L038,L010,0.63,5,1.2
R1072,L042,L020,0.22,2,1.2
R1073,L032,L022,0.6,5,1.1
R1074,L014,L048,0.57,4,1.1
R1075,L031,L043,0.47,4,1.1
R1076,L011,L038,0.17,1,1.1
R1077,L042,L022,0.64,5,1.2
R1078,L028,L012,0.09,1,1.2
R1079,L016,L019,0.54,4,1.2
R1080,L022,L030,0.08,1,1.2
R1081,L020,L046,0.11,1,1.1
R1082,L036,L012,0.07,1,1.2
R1083,L021,L027,0.06,1,1.0
R1084,L003,L034,0.22,2,1.1
R1085,L042,L032,0.08,1,1.0
R1086,L006,L037,0.29,2,1.1
R1087,L039,L035,0.26,2,1.1
R1088,L026,L018,0.22,2,1.0
R1089,L039,L008,0.25,2,1.2
R1090,L047,L031,0.45,3,1.2
R1091,L016,L038,0.11,1,1.3
R1092,L003,L043,0.23,2,1.0
R1093,L041,L001,0.1,1,1.1
R1094,L048,L025,0.39,3,1.3
R1095,L047,L009,0.55,4,1.1
R1096,L025,L014,0.34,3,1.2
R1097,L023,L008,0.17,1,1.3
R1098,L015,L017,0.28,2,1.0
R1099,L009,L037,0.31,2,1.0
R1100,L042,L038,0.41,3,1.1
R1101,L032,L048,0.64,5,1.0
R1102,L003,L025,0.32,2,1.0
R1103,L031,L004,0.21,2,1.2
R1104,L037,L033,0.55,4,1.3
R1105,L048,L013,0.22,2,1.0
R1106,L012,L023,0.65,5,1.2
R1107,L021,L026,0.53,4,1.2
R1108,L003,L033,0.1,1,1.3
R1109,L036,L003,0.28,2,1.2
R1110,L035,L027,0.33,3,1.3
R1111,L014,L022,0.42,3,1.1
R1112,L048,L008,0.35,3,1.0
R1113,L009,L015,0.23,2,1.0
R1114,L030,L040,0.27,2,1.0
R1115,L040,L032,0.36,3,1.1
R1116,L011,L043,0.13,1,1.3
R1117,L008,L020,0.39,3,1.2
R1118,L025,L004,0.48,4,1.1
R1119,L039,L046,0.49,4,1.3
R1120,L019,L031,0.23,2,1.0
R1121,L044,L031,0.5,4,1.3
R1122,L044,L039,0.58,4,1.0
R1123,L019,L001,0.27,2,1.3
R1124,L048,L028,0.25,2,1.1
R1125,L012,L005,0.39,3,1.2
R1126,L018,L007,0.5,4,1.3
R1127,L038,L001,0.17,1,1.0
R1128,L041,L026,0.46,4,1.1
